漢字,部首,画数,学年,追加年,読み
亜,二,7,S,NA,ア
哀,口,9,S,NA,アイ、あわ-れ、あわ-れむ
挨,手,10,S,2010,アイ
愛,心,13,4,NA,アイ
曖,日,17,S,2010,アイ
悪,心,11,3,NA,アク、オ、わる-い
握,手,12,S,NA,アク、にぎ-る
圧,土,5,5,NA,アツ
扱,手,6,S,NA,あつか-う
宛,宀,8,S,2010,あ-てる
嵐,山,12,S,2010,あらし
安,宀,6,3,NA,アン、やす-い
案,木,10,4,NA,アン
暗,日,13,3,NA,アン、くら-い
以,人,5,4,NA,イ
衣,衣,6,4,NA,イ、ころも
位,人,7,4,NA,イ、くらい
囲,囗,7,5,NA,イ、かこ-む、かこ-う
医,酉,7,3,NA,イ
依,人,8,S,NA,イ、（エ）
委,女,8,3,NA,イ、ゆだ-ねる
威,女,9,S,NA,イ
為,爪,9,S,NA,イ
畏,田,9,S,2010,イ、おそ-れる
胃,肉,9,6,NA,イ
尉,寸,11,S,NA,イ
異,田,11,6,NA,イ、こと
移,禾,11,5,NA,イ、うつ-る、うつ-す
萎,艸,11,S,2010,イ、な-える
偉,人,12,S,NA,イ、えら-い
椅,木,12,S,2010,イ
彙,彐,13,S,2010,イ
意,心,13,3,NA,イ
違,辵,13,S,NA,イ、ちが-う、ちが-える
維,糸,14,S,NA,イ
慰,心,15,S,NA,イ、なぐさ-める、なぐさ-む
遺,辵,15,6,NA,イ、（ユイ）
緯,糸,16,S,NA,イ
域,土,11,6,NA,イキ
育,肉,8,3,NA,イク、そだ-つ、そだ-てる、はぐく-む
一,一,1,1,NA,イチ、イツ、ひと、ひと-つ
壱,士,7,S,NA,イチ
逸,辵,11,S,NA,イツ
茨,艸,9,4,2010,（いばら）[7]
芋,艸,6,S,NA,いも
引,弓,4,2,NA,イン、ひ-く、ひ-ける
印,卩,6,4,NA,イン、しるし
因,囗,6,5,NA,イン、よ-る
咽,口,9,S,2010,イン
姻,女,9,S,NA,イン
員,口,10,3,NA,イン
院,阜,10,3,NA,イン
淫,水,11,S,2010,イン、みだ-ら
陰,阜,11,S,NA,イン、かげ、かげ-る
飲,食,12,3,NA,イン、の-む
隠,阜,14,S,NA,イン、かく-す、かく-れる
韻,音,19,S,NA,イン
右,口,5,1,NA,ウ、ユウ、みぎ
宇,宀,6,6,NA,ウ
羽,羽,6,2,NA,ウ、は、はね
雨,雨,8,1,NA,ウ、あめ、（あま）
唄,口,10,S,2010,（うた）
鬱,鬯,29,S,2010,ウツ
畝,田,10,S,NA,うね
浦,水,10,S,NA,うら
運,辵,12,3,NA,ウン、はこ-ぶ
雲,雨,12,2,NA,ウン、くも
永,水,5,5,NA,エイ、なが-い
泳,水,8,3,NA,エイ、およ-ぐ
英,艸,8,4,NA,エイ
映,日,9,6,NA,エイ、うつ-る、うつ-す、は-える
栄,木,9,4,NA,エイ、さか-える、は-え、は-える
営,火,12,5,NA,エイ、いとな-む
詠,言,12,S,NA,エイ、よ-む
影,彡,15,S,NA,エイ、かげ
鋭,金,15,S,NA,エイ、するど-い
衛,行,16,5,NA,エイ
易,日,8,5,NA,エキ、イ、やさ-しい
疫,疒,9,S,NA,エキ、（ヤク）
益,皿,10,5,NA,エキ、（ヤク）
液,水,11,5,NA,エキ
駅,馬,14,3,NA,エキ
悦,心,10,S,NA,エツ
越,走,12,S,NA,エツ、こ-す、こ-える
謁,言,15,S,NA,エツ
閲,門,15,S,NA,エツ
円,囗,4,1,NA,エン、まる-い
延,廴,8,6,NA,エン、の-びる、の-べる、の-ばす
沿,水,8,6,NA,エン、そ-う
炎,火,8,S,NA,エン、ほのお
怨,心,9,S,2010,エン、オン
宴,宀,10,S,NA,エン
媛,女,12,4,2010,エン
援,手,12,S,NA,エン
園,囗,13,2,NA,エン、その
煙,火,13,S,NA,エン、けむ-る、けむり、けむ-い
猿,犬,13,S,1981,エン、さる
遠,辵,13,2,NA,エン、（オン）、とお-い
鉛,金,13,S,NA,エン、なまり
塩,鹵,13,4,NA,エン、しお
演,水,14,5,NA,エン
縁,糸,15,S,NA,エン、ふち
艶,色,19,S,2010,エン、つや
汚,水,6,S,NA,オ、けが-す、けが-れる、けが-らわしい、よご-す、よご-れる、きたな-い
王,玉,4,1,NA,オウ
凹,凵,5,S,1981,オウ
央,大,5,3,NA,オウ
応,心,7,5,NA,オウ、こた-える
往,彳,8,5,NA,オウ
押,手,8,S,NA,オウ、お-す、お-さえる
旺,日,8,S,2010,オウ
欧,欠,8,S,NA,オウ
殴,殳,8,S,NA,オウ、なぐ-る
桜,木,10,5,NA,オウ、さくら
翁,羽,10,S,NA,オウ
奥,大,12,S,NA,オウ、おく
横,木,15,3,NA,オウ、よこ
岡,山,8,4,2010,（おか）[7]
屋,尸,9,3,NA,オク、や
億,人,15,4,NA,オク
憶,心,16,S,NA,オク
臆,肉,17,S,2010,オク
虞,虍,13,S,NA,おそれ
乙,乙,1,S,NA,オツ
俺,人,10,S,2010,おれ
卸,卩,9,S,NA,おろ-す、おろし
音,音,9,1,NA,オン、イン、おと、ね
恩,心,10,6,NA,オン
温,水,12,3,NA,オン、あたた-か、あたた-かい、あたた-まる、あたた-める
穏,禾,16,S,NA,オン、おだ-やか
下,一,3,1,NA,カ、ゲ、した、しも、もと、さ-げる、さ-がる、くだ-る、くだ-す、くだ-さる、お-ろす、お-りる
化,匕,4,3,NA,カ、ケ、ば-ける、ば-かす
火,火,4,1,NA,カ、ひ、（ほ）
加,力,5,4,NA,カ、くわ-える、くわ-わる
可,口,5,5,NA,カ
仮,人,6,5,NA,カ、（ケ）、かり
何,人,7,2,NA,カ、なに、（なん）
花,艸,7,1,NA,カ、はな
佳,人,8,S,NA,カ
価,人,8,5,NA,カ、あたい
果,木,8,4,NA,カ、は-たす、は-てる、は-て
河,水,8,5,NA,カ、かわ
苛,艸,8,S,2010,カ
科,禾,9,2,NA,カ
架,木,9,S,NA,カ、か-ける、か-かる
夏,夊,10,2,NA,カ、（ゲ）、なつ
家,宀,10,2,NA,カ、ケ、いえ、や
荷,艸,10,3,NA,カ、に
華,艸,10,S,NA,カ、（ケ）、はな
菓,艸,11,S,NA,カ
貨,貝,11,4,NA,カ
渦,水,12,S,1981,カ、うず
過,辵,12,5,NA,カ、す-ぎる、す-ごす、あやま-つ、あやま-ち
嫁,女,13,S,NA,カ、よめ、とつ-ぐ
暇,日,13,S,NA,カ、ひま
禍,示,13,S,NA,カ
靴,革,13,S,1981,カ、くつ
寡,宀,14,S,NA,カ
歌,欠,14,2,NA,カ、うた、うた-う
箇,竹,14,S,NA,カ
稼,禾,15,S,1981,カ、かせ-ぐ
課,言,15,4,NA,カ
蚊,虫,10,S,NA,か
牙,牙,4,S,2010,ガ、（ゲ）、きば
瓦,瓦,5,S,2010,ガ、かわら
我,戈,7,6,NA,ガ、われ、わ
画,田,8,2,NA,ガ、カク
芽,艸,8,4,NA,ガ、め
賀,貝,12,4,NA,ガ
雅,隹,13,S,NA,ガ
餓,食,15,S,NA,ガ
介,人,4,S,NA,カイ
回,囗,6,2,NA,カイ、（エ）、まわ-る、まわ-す
灰,火,6,6,NA,カイ、はい
会,曰,6,2,NA,カイ、エ、あ-う
快,心,7,5,NA,カイ、こころよ-い
戒,戈,7,S,NA,カイ、いまし-める
改,攴,7,4,NA,カイ、あらた-める、あらた-まる
怪,心,8,S,NA,カイ、あや-しい、あや-しむ
拐,手,8,S,1981,カイ
悔,心,9,S,NA,カイ、く-いる、く-やむ、くや-しい
海,水,9,2,NA,カイ、うみ
界,田,9,3,NA,カイ
皆,白,9,S,NA,カイ、みな
械,木,11,4,NA,カイ
絵,糸,12,2,NA,カイ、エ
開,門,12,3,NA,カイ、ひら-く、ひら-ける、あ-く、あ-ける
階,阜,12,3,NA,カイ
塊,土,13,S,NA,カイ、かたまり
楷,木,13,S,2010,カイ
解,角,13,5,NA,カイ、ゲ、と-く、と-かす、と-ける
潰,水,15,S,2010,カイ、つぶ-す、つぶ-れる
壊,土,16,S,NA,カイ、こわ-す、こわ-れる
懐,心,16,S,NA,カイ、ふところ、なつ-かしい、なつ-かしむ、なつ-く、なつ-ける
諧,言,16,S,2010,カイ
貝,貝,7,1,NA,かい
外,夕,5,2,NA,ガイ、ゲ、そと、ほか、はず-す、はず-れる
劾,力,8,S,NA,ガイ
害,宀,10,4,NA,ガイ
崖,山,11,S,2010,ガイ、がけ
涯,水,11,S,1981,ガイ
街,行,12,4,NA,ガイ、（カイ）、まち
慨,心,13,S,NA,ガイ
蓋,艸,13,S,2010,ガイ、ふた
該,言,13,S,NA,ガイ
概,木,14,S,NA,ガイ
骸,骨,16,S,2010,ガイ
垣,土,9,S,1981,かき
柿,木,9,S,2010,かき
各,口,6,4,NA,カク、おのおの
角,角,7,2,NA,カク、かど、つの
拡,手,8,6,NA,カク
革,革,9,6,NA,カク、かわ
格,木,10,5,NA,カク、（コウ）
核,木,10,S,NA,カク
殻,殳,11,S,1981,カク、から
郭,邑,11,S,NA,カク
覚,見,12,4,NA,カク、おぼ-える、さ-ます、さ-める
較,車,13,S,NA,カク
隔,阜,13,S,NA,カク、へだ-てる、へだ-たる
閣,門,14,6,NA,カク
確,石,15,5,NA,カク、たし-か、たし-かめる
獲,犬,16,S,NA,カク、え-る
嚇,口,17,S,NA,カク
穫,禾,18,S,NA,カク
学,子,8,1,NA,ガク、まな-ぶ
岳,山,8,S,NA,ガク、たけ
楽,木,13,2,NA,ガク、ラク、たの-しい、たの-しむ
額,頁,18,5,NA,ガク、ひたい
顎,頁,18,S,2010,ガク、あご
掛,手,11,S,NA,か-ける、か-かる、かかり
潟,水,15,4,1981,かた
括,手,9,S,NA,カツ
活,水,9,2,NA,カツ
喝,口,11,S,1981,カツ
渇,水,11,S,NA,カツ、かわ-く
割,刀,12,6,NA,カツ、わ-る、わり、わ-れる、さ-く
葛,艸,12,S,2010,カツ、くず
滑,水,13,S,NA,カツ、コツ、すべ-る、なめ-らか
褐,衣,13,S,1981,カツ
轄,車,17,S,NA,カツ
且,一,5,S,NA,か-つ
株,木,10,6,NA,かぶ
釜,金,10,S,2010,かま
鎌,金,18,S,2010,かま
刈,刀,4,S,NA,か-る
干,干,3,6,NA,カン、ほ-す、ひ-る
刊,刀,5,5,NA,カン
甘,甘,5,S,NA,カン、あま-い、あま-える、あま-やかす
汗,水,6,S,NA,カン、あせ
缶,缶,6,S,1981,カン
完,宀,7,4,NA,カン
肝,肉,7,S,NA,カン、きも
官,宀,8,4,NA,カン
冠,冖,9,S,NA,カン、かんむり
巻,卩,9,6,NA,カン、ま-く、まき
看,目,9,6,NA,カン
陥,阜,10,S,NA,カン、おちい-る、おとしい-れる
乾,乙,11,S,NA,カン、かわ-く、かわ-かす
勘,力,11,S,NA,カン
患,心,11,S,NA,カン、わずら-う
貫,貝,11,S,NA,カン、つらぬ-く
寒,宀,12,3,NA,カン、さむ-い
喚,口,12,S,NA,カン
堪,土,12,S,NA,カン、た-える
換,手,12,S,NA,カン、か-える、か-わる
敢,攴,12,S,NA,カン
棺,木,12,S,NA,カン
款,欠,12,S,NA,カン
間,門,12,2,NA,カン、ケン、あいだ、ま
閑,門,12,S,NA,カン
勧,力,13,S,NA,カン、すす-める
寛,宀,13,S,NA,カン
幹,干,13,5,NA,カン、みき
感,心,13,3,NA,カン
漢,水,13,3,NA,カン
慣,心,14,5,NA,カン、な-れる、な-らす
管,竹,14,4,NA,カン、くだ
関,門,14,4,NA,カン、せき、かか-わる
歓,欠,15,S,NA,カン
監,皿,15,S,NA,カン
緩,糸,15,S,NA,カン、ゆる-い、ゆる-やか、ゆる-む、ゆる-める
憾,心,16,S,NA,カン
還,辵,16,S,NA,カン
館,食,16,3,NA,カン、やかた
環,玉,17,S,NA,カン
簡,竹,18,6,NA,カン
観,見,18,4,NA,カン
韓,韋,18,S,2010,カン
艦,舟,21,S,NA,カン
鑑,金,23,S,NA,カン、かんが-みる
丸,丶,3,2,NA,ガン、まる、まる-い、まる-める
含,口,7,S,NA,ガン、ふく-む、ふく-める
岸,山,8,3,NA,ガン、きし
岩,山,8,2,NA,ガン、いわ
玩,玉,8,S,2010,ガン
眼,目,11,5,NA,ガン、（ゲン）、まなこ
頑,頁,13,S,1981,ガン
顔,頁,18,2,NA,ガン、かお
願,頁,19,4,NA,ガン、ねが-う
企,人,6,S,NA,キ、くわだ-てる
伎,人,6,S,2010,キ
危,卩,6,6,NA,キ、あぶ-ない、あや-うい、あや-ぶむ
机,木,6,6,NA,キ、つくえ
気,气,6,1,NA,キ、ケ
岐,山,7,4,NA,キ
希,巾,7,4,NA,キ
忌,心,7,S,NA,キ、い-む、い-まわしい
汽,水,7,2,NA,キ
奇,大,8,S,NA,キ
祈,示,8,S,NA,キ、いの-る
季,子,8,4,NA,キ
紀,糸,9,5,NA,キ
軌,車,9,S,NA,キ
既,无,10,S,NA,キ、すで-に
記,言,10,2,NA,キ、しる-す
起,走,10,3,NA,キ、お-きる、お-こる、お-こす
飢,食,10,S,NA,キ、う-える
鬼,鬼,10,S,NA,キ、おに
帰,止,10,2,NA,キ、かえ-る、かえ-す
基,土,11,5,NA,キ、もと、もとい
寄,宀,11,5,NA,キ、よ-る、よ-せる
規,見,11,5,NA,キ
亀,龜,11,S,2010,キ、かめ
喜,口,12,5,NA,キ、よろこ-ぶ
幾,幺,12,S,NA,キ、いく
揮,手,12,6,NA,キ
期,月,12,3,NA,キ、（ゴ）
棋,木,12,S,NA,キ
貴,貝,12,6,NA,キ、たっと-い、とうと-い、たっと-ぶ、とうと-ぶ
棄,木,13,S,NA,キ
毀,殳,13,S,2010,キ
旗,方,14,4,NA,キ、はた
器,口,15,4,NA,キ、うつわ
畿,田,15,S,2010,キ
輝,車,15,S,NA,キ、かがや-く
機,木,16,4,NA,キ、はた
騎,馬,18,S,NA,キ
技,手,7,5,NA,ギ、わざ
宜,宀,8,S,NA,ギ
偽,人,11,S,NA,ギ、いつわ-る、にせ
欺,欠,12,S,NA,ギ、あざむ-く
義,羊,13,5,NA,ギ
疑,疋,14,6,NA,ギ、うたが-う
儀,人,15,S,NA,ギ
戯,戈,15,S,NA,ギ、たわむ-れる
擬,手,17,S,NA,ギ
犠,牛,17,S,NA,ギ
議,言,20,4,NA,ギ
菊,艸,11,S,NA,キク
吉,口,6,S,NA,キチ、キツ
喫,口,12,S,NA,キツ
詰,言,13,S,NA,キツ、つ-める、つ-まる、つ-む
却,卩,7,S,NA,キャク
客,宀,9,3,NA,キャク、カク
脚,肉,11,S,NA,キャク、（キャ）、あし
逆,辵,9,5,NA,ギャク、さか、さか-らう
虐,虍,9,S,NA,ギャク、しいた-げる
九,乙,2,1,NA,キュウ、ク、ここの、ここの-つ
久,丿,3,5,NA,キュウ、（ク）、ひさ-しい
及,又,3,S,NA,キュウ、およ-ぶ、およ-び、およ-ぼす
弓,弓,3,2,NA,キュウ、ゆみ
丘,一,5,S,NA,キュウ、おか
旧,臼,5,5,NA,キュウ
休,人,6,1,NA,キュウ、やす-む、やす-まる、やす-める
吸,口,6,6,NA,キュウ、す-う
朽,木,6,S,NA,キュウ、く-ちる
臼,臼,6,S,2010,キュウ、うす
求,水,7,4,NA,キュウ、もと-める
究,穴,7,3,NA,キュウ、きわ-める
泣,水,8,4,NA,キュウ、な-く
急,心,9,3,NA,キュウ、いそ-ぐ
級,糸,9,3,NA,キュウ
糾,糸,9,S,NA,キュウ
宮,宀,10,3,NA,キュウ、グウ、（ク）、みや
救,攴,11,5,NA,キュウ、すく-う
球,玉,11,3,NA,キュウ、たま
給,糸,12,4,NA,キュウ
嗅,口,13,S,2010,キュウ、か-ぐ
窮,穴,15,S,NA,キュウ、きわ-める、きわ-まる
牛,牛,4,2,NA,ギュウ、うし
去,厶,5,3,NA,キョ、コ、さ-る
巨,工,5,S,NA,キョ
居,尸,8,5,NA,キョ、い-る
拒,手,8,S,NA,キョ、こば-む
拠,手,8,S,NA,キョ、コ
挙,手,10,4,NA,キョ、あ-げる、あ-がる
虚,虍,11,S,NA,キョ、（コ）
許,言,11,5,NA,キョ、ゆる-す
距,足,12,S,NA,キョ
魚,魚,11,2,NA,ギョ、うお、さかな
御,彳,12,S,NA,ギョ、ゴ、おん
漁,水,14,4,NA,ギョ、リョウ
凶,凵,4,S,NA,キョウ
共,八,6,4,NA,キョウ、とも
叫,口,6,S,NA,キョウ、さけ-ぶ
狂,犬,7,S,NA,キョウ、くる-う、くる-おしい
京,亠,8,2,NA,キョウ、ケイ
享,亠,8,S,NA,キョウ
供,人,8,6,NA,キョウ、（ク）、そな-える、とも
協,十,8,4,NA,キョウ
況,水,8,S,NA,キョウ
峡,山,9,S,NA,キョウ
挟,手,9,S,1981,キョウ、はさ-む、はさ-まる
狭,犬,9,S,NA,キョウ、せま-い、せば-める、せば-まる
恐,心,10,S,NA,キョウ、おそ-れる、おそ-ろしい
恭,心,10,S,NA,キョウ、うやうや-しい
胸,肉,10,6,NA,キョウ、むね、（むな）
脅,肉,10,S,NA,キョウ、おびや-かす、おど-す、おど-かす
強,弓,11,2,NA,キョウ、ゴウ、つよ-い、つよ-まる、つよ-める、し-いる
教,攴,11,2,NA,キョウ、おし-える、おそ-わる
郷,邑,11,6,NA,キョウ、ゴウ
境,土,14,5,NA,キョウ、（ケイ）、さかい
橋,木,16,3,NA,キョウ、はし
矯,矢,17,S,1981,キョウ、た-める
鏡,金,19,4,NA,キョウ、かがみ
競,立,20,4,NA,キョウ、ケイ、きそ-う、せ-る
響,音,20,S,NA,キョウ、ひび-く
驚,馬,22,S,NA,キョウ、おどろ-く、おどろ-かす
仰,人,6,S,NA,ギョウ、（コウ）、あお-ぐ、おお-せ
暁,日,12,S,NA,ギョウ、あかつき
業,木,13,3,NA,ギョウ、ゴウ、わざ
凝,冫,16,S,NA,ギョウ、こ-る、こ-らす
曲,曰,6,3,NA,キョク、ま-がる、ま-げる
局,尸,7,3,NA,キョク
極,木,12,4,NA,キョク、ゴク、きわ-める、きわ-まる、きわ-み
玉,玉,5,1,NA,ギョク、たま
巾,巾,3,S,2010,キン
斤,斤,4,S,NA,キン
均,土,7,5,NA,キン
近,辵,7,2,NA,キン、ちか-い
金,金,8,1,NA,キン、コン、かね、（かな）
菌,艸,11,S,NA,キン
勤,力,12,6,NA,キン、（ゴン）、つと-める、つと-まる
琴,玉,12,S,NA,キン、こと
筋,竹,12,6,NA,キン、すじ
僅,人,13,S,2010,キン、わず-か
禁,示,13,5,NA,キン
緊,糸,15,S,NA,キン
錦,金,16,S,2010,キン、にしき
謹,言,17,S,NA,キン、つつし-む
襟,衣,18,S,1981,キン、えり
吟,口,7,S,NA,ギン
銀,金,14,3,NA,ギン
区,匸,4,3,NA,ク
句,口,5,5,NA,ク
苦,艸,8,3,NA,ク、くる-しい、くる-しむ、くる-しめる、にが-い、にが-る
駆,馬,14,S,NA,ク、か-ける、か-る
具,八,8,3,NA,グ
惧,心,11,S,2010,グ
愚,心,13,S,NA,グ、おろ-か
空,穴,8,1,NA,クウ、そら、あ-く、あ-ける、から
偶,人,11,S,NA,グウ
遇,辵,12,S,NA,グウ
隅,阜,12,S,1981,グウ、すみ
串,丨,7,S,2010,くし
屈,尸,8,S,NA,クツ
掘,手,11,S,NA,クツ、ほ-る
窟,穴,13,S,2010,クツ
熊,火,14,4,2010,くま
繰,糸,19,S,NA,く-る
君,口,7,3,NA,クン、きみ
訓,言,10,4,NA,クン
勲,力,15,S,NA,クン
薫,艸,16,S,NA,クン、かお-る
軍,車,9,4,NA,グン
郡,邑,10,4,NA,グン
群,羊,13,4,NA,グン、む-れる、む-れ、（むら）
兄,儿,5,2,NA,ケイ、（キョウ）、あに
刑,刀,6,S,NA,ケイ
形,彡,7,2,NA,ケイ、ギョウ、かた、かたち
系,糸,7,6,NA,ケイ
径,彳,8,4,NA,ケイ
茎,艸,8,S,NA,ケイ、くき
係,人,9,3,NA,ケイ、かか-る、かかり
型,土,9,5,NA,ケイ、かた
契,大,9,S,NA,ケイ、ちぎ-る
計,言,9,2,NA,ケイ、はか-る、はか-らう
恵,心,10,S,NA,ケイ、エ、めぐ-む
啓,口,11,S,NA,ケイ
掲,手,11,S,NA,ケイ、かか-げる
渓,水,11,S,1981,ケイ
経,糸,11,5,NA,ケイ、キョウ、へ-る
蛍,虫,11,S,1981,ケイ、ほたる
敬,攴,12,6,NA,ケイ、うやま-う
景,日,12,4,NA,ケイ
軽,車,12,3,NA,ケイ、かる-い、かろ-やか
傾,人,13,S,NA,ケイ、かたむ-く、かたむ-ける
携,手,13,S,NA,ケイ、たずさ-える、たずさ-わる
継,糸,13,S,NA,ケイ、つ-ぐ
詣,言,13,S,2010,ケイ、もう-でる
慶,心,15,S,NA,ケイ
憬,心,15,S,2010,ケイ
稽,禾,15,S,2010,ケイ
憩,心,16,S,NA,ケイ、いこ-い、いこ-う
警,言,19,6,NA,ケイ
鶏,鳥,19,S,NA,ケイ、にわとり
芸,艸,7,4,NA,ゲイ
迎,辵,7,S,NA,ゲイ、むか-える
鯨,魚,19,S,NA,ゲイ、くじら
隙,阜,13,S,2010,ゲキ、すき
劇,刀,15,6,NA,ゲキ
撃,手,15,S,NA,ゲキ、う-つ
激,水,16,6,NA,ゲキ、はげ-しい
桁,木,10,S,2010,けた
欠,欠,4,4,NA,ケツ、か-ける、か-く
穴,穴,5,6,NA,ケツ、あな
血,血,6,3,NA,ケツ、ち
決,水,7,3,NA,ケツ、き-める、き-まる
結,糸,12,4,NA,ケツ、むす-ぶ、ゆ-う、ゆ-わえる
傑,人,13,S,NA,ケツ
潔,水,15,5,NA,ケツ、いさぎよ-い
月,月,4,1,NA,ゲツ、ガツ、つき
犬,犬,4,1,NA,ケン、いぬ
件,人,6,5,NA,ケン
見,見,7,1,NA,ケン、み-る、み-える、み-せる
券,刀,8,6,NA,ケン
肩,肉,8,S,NA,ケン、かた
建,廴,9,4,NA,ケン、（コン）、た-てる、た-つ
研,石,9,3,NA,ケン、と-ぐ
県,糸,9,3,NA,ケン
倹,人,10,S,NA,ケン
兼,八,10,S,NA,ケン、か-ねる
剣,刀,10,S,NA,ケン、つるぎ
拳,手,10,S,2010,ケン、こぶし
軒,車,10,S,NA,ケン、のき
健,人,11,4,NA,ケン、すこ-やか
険,阜,11,5,NA,ケン、けわ-しい
圏,囗,12,S,NA,ケン
堅,土,12,S,NA,ケン、かた-い
検,木,12,5,NA,ケン
嫌,女,13,S,1981,ケン、（ゲン）、きら-う、いや
献,犬,13,S,NA,ケン、（コン）
絹,糸,13,6,NA,ケン、きぬ
遣,辵,13,S,NA,ケン、つか-う、つか-わす
権,木,15,6,NA,ケン、（ゴン）
憲,心,16,6,NA,ケン
賢,貝,16,S,NA,ケン、かしこ-い
謙,言,17,S,NA,ケン
鍵,金,17,S,2010,ケン、かぎ
繭,糸,18,S,NA,ケン、まゆ
顕,頁,18,S,NA,ケン
験,馬,18,4,NA,ケン、（ゲン）
懸,心,20,S,NA,ケン、（ケ）、か-ける、か-かる
元,儿,4,2,NA,ゲン、ガン、もと
幻,幺,4,S,NA,ゲン、まぼろし
玄,玄,5,S,NA,ゲン
言,言,7,2,NA,ゲン、ゴン、い-う、こと
弦,弓,8,S,NA,ゲン、つる
限,阜,9,5,NA,ゲン、かぎ-る
原,厂,10,2,NA,ゲン、はら
現,玉,11,5,NA,ゲン、あらわ-れる、あらわ-す
舷,舟,11,S,2010,ゲン
減,水,12,5,NA,ゲン、へ-る、へ-らす
源,水,13,6,NA,ゲン、みなもと
厳,口,17,6,NA,ゲン、（ゴン）、おごそ-か、きび-しい
己,己,3,6,NA,コ、キ、おのれ
戸,戶,4,2,NA,コ、と
古,口,5,2,NA,コ、ふる-い、ふる-す
呼,口,8,6,NA,コ、よ-ぶ
固,囗,8,4,NA,コ、かた-める、かた-まる、かた-い
股,肉,8,S,2010,コ、また
虎,虍,8,S,2010,コ、とら
孤,子,9,S,NA,コ
弧,弓,9,S,NA,コ
故,攴,9,5,NA,コ、ゆえ
枯,木,9,S,NA,コ、か-れる、か-らす
個,人,10,5,NA,コ
庫,广,10,3,NA,コ、（ク）
湖,水,12,3,NA,コ、みずうみ
雇,隹,12,S,NA,コ、やと-う
誇,言,13,S,NA,コ、ほこ-る
鼓,鼓,13,S,NA,コ、つづみ
錮,金,16,S,2010,コ
顧,頁,21,S,NA,コ、かえり-みる
五,二,4,1,NA,ゴ、いつ、いつ-つ
互,二,4,S,NA,ゴ、たが-い
午,十,4,2,NA,ゴ
呉,口,7,S,NA,ゴ
後,彳,9,2,NA,ゴ、コウ、のち、うし-ろ、あと、おく-れる
娯,女,10,S,NA,ゴ
悟,心,10,S,NA,ゴ、さと-る
碁,石,13,S,NA,ゴ
語,言,14,2,NA,ゴ、かた-る、かた-らう
誤,言,14,6,NA,ゴ、あやま-る
護,言,20,5,NA,ゴ
口,口,3,1,NA,コウ、ク、くち
工,工,3,2,NA,コウ、ク
公,八,4,2,NA,コウ、おおやけ
勾,勹,4,S,2010,コウ
孔,子,4,S,NA,コウ
功,力,5,4,NA,コウ、（ク）
巧,工,5,S,NA,コウ、たく-み
広,广,5,2,NA,コウ、ひろ-い、ひろ-まる、ひろ-める、ひろ-がる、ひろ-げる
甲,田,5,S,NA,コウ、カン
交,亠,6,2,NA,コウ、まじ-わる、まじ-える、ま-じる、ま-ざる、ま-ぜる、か-う、か-わす
光,儿,6,2,NA,コウ、ひか-る、ひかり
向,口,6,3,NA,コウ、む-く、む-ける、む-かう、む-こう
后,口,6,6,NA,コウ
好,女,6,4,NA,コウ、この-む、す-く
江,水,6,S,NA,コウ、え
考,老,6,2,NA,コウ、かんが-える
行,行,6,2,NA,コウ、ギョウ、（アン）、い-く、ゆ-く、おこな-う
坑,土,7,S,NA,コウ
孝,子,7,6,NA,コウ
抗,手,7,S,NA,コウ
攻,攴,7,S,NA,コウ、せ-める
更,曰,7,S,NA,コウ、さら、ふ-ける、ふ-かす
効,攴,8,5,NA,コウ、き-く
幸,干,8,3,NA,コウ、さいわ-い、さち、しあわ-せ
拘,手,8,S,NA,コウ
肯,肉,8,S,NA,コウ
侯,人,9,S,NA,コウ
厚,厂,9,5,NA,コウ、あつ-い
恒,心,9,S,NA,コウ
洪,水,9,S,1981,コウ
皇,白,9,6,NA,コウ、オウ
紅,糸,9,6,NA,コウ、（ク）、べに、くれない
荒,艸,9,S,NA,コウ、あら-い、あ-れる、あ-らす
郊,邑,9,S,NA,コウ
香,香,9,4,NA,コウ、（キョウ）、か、かお-り、かお-る
候,人,10,4,NA,コウ、そうろう
校,木,10,1,NA,コウ
耕,耒,10,5,NA,コウ、たがや-す
航,舟,10,5,NA,コウ
貢,貝,10,S,NA,コウ、（ク）、みつ-ぐ
降,阜,10,6,NA,コウ、お-りる、お-ろす、ふ-る
高,高,10,2,NA,コウ、たか-い、たか、たか-まる、たか-める
康,广,11,4,NA,コウ
控,手,11,S,NA,コウ、ひか-える
梗,木,11,S,2010,コウ
黄,黃,11,2,NA,コウ、オウ、き、（こ）
喉,口,12,S,2010,コウ、のど
慌,心,12,S,NA,コウ、あわ-てる、あわ-ただしい
港,水,12,3,NA,コウ、みなと
硬,石,12,S,NA,コウ、かた-い
絞,糸,12,S,NA,コウ、しぼ-る、し-める、し-まる
項,頁,12,S,NA,コウ
溝,水,13,S,1981,コウ、みぞ
鉱,金,13,5,NA,コウ
構,木,14,5,NA,コウ、かま-える、かま-う
綱,糸,14,S,NA,コウ、つな
酵,酉,14,S,NA,コウ
稿,禾,15,S,NA,コウ
興,臼,16,5,NA,コウ、キョウ、おこ-る、おこ-す
衡,行,16,S,NA,コウ
鋼,金,16,6,NA,コウ、はがね
講,言,17,5,NA,コウ
購,貝,17,S,NA,コウ
乞,乙,3,S,2010,こ-う
号,虍,5,3,NA,ゴウ
合,口,6,2,NA,ゴウ、ガッ、（カッ）、あ-う、あ-わす、あ-わせる
拷,手,9,S,NA,ゴウ
剛,刀,10,S,NA,ゴウ
傲,人,13,S,2010,ゴウ
豪,豕,14,S,NA,ゴウ
克,儿,7,S,NA,コク
告,口,7,5,NA,コク、つ-げる
谷,谷,7,2,NA,コク、たに
刻,刀,8,6,NA,コク、きざ-む
国,囗,8,2,NA,コク、くに
黒,黑,11,2,NA,コク、くろ、くろ-い
穀,禾,14,6,NA,コク
酷,酉,14,S,NA,コク
獄,犬,14,S,NA,ゴク
骨,骨,10,6,NA,コツ、ほね
駒,馬,15,S,2010,こま
込,辵,5,S,NA,こ-む、こ-める
頃,頁,11,S,2010,ころ
今,人,4,2,NA,コン、キン、いま
困,囗,7,6,NA,コン、こま-る
昆,日,8,S,1981,コン
恨,心,9,S,NA,コン、うら-む、うら-めしい
根,木,10,3,NA,コン、ね
婚,女,11,S,NA,コン
混,水,11,5,NA,コン、ま-じる、ま-ざる、ま-ぜる、こ-む
痕,疒,11,S,2010,コン、あと
紺,糸,11,S,NA,コン
魂,鬼,14,S,NA,コン、たましい
墾,土,16,S,NA,コン
懇,心,17,S,NA,コン、ねんご-ろ
左,工,5,1,NA,サ、ひだり
佐,人,7,4,NA,サ
沙,水,7,S,2010,サ
査,木,9,5,NA,サ
砂,石,9,6,NA,サ、シャ、すな
唆,口,10,S,NA,サ、そそのか-す
差,工,10,4,NA,サ、さ-す
詐,言,12,S,NA,サ
鎖,金,18,S,NA,サ、くさり
座,广,10,6,NA,ザ、すわ-る
挫,手,10,S,2010,ザ
才,手,3,2,NA,サイ
再,冂,6,5,NA,サイ、（サ）、ふたた-び
災,火,7,5,NA,サイ、わざわ-い
妻,女,8,5,NA,サイ、つま
采,釆,8,S,2010,サイ
砕,石,9,S,NA,サイ、くだ-く、くだ-ける
宰,宀,10,S,NA,サイ
栽,木,10,S,NA,サイ
彩,彡,11,S,NA,サイ、いろど-る
採,手,11,5,NA,サイ、と-る
済,水,11,6,NA,サイ、す-む、す-ます
祭,示,11,3,NA,サイ、まつ-る、まつ-り
斎,齊,11,S,NA,サイ
細,糸,11,2,NA,サイ、ほそ-い、ほそ-る、こま-か、こま-かい
菜,艸,11,4,NA,サイ、な
最,曰,12,4,NA,サイ、もっと-も
裁,衣,12,6,NA,サイ、た-つ、さば-く
債,人,13,S,NA,サイ
催,人,13,S,NA,サイ、もよお-す
塞,土,13,S,2010,サイ、ソク、ふさ-ぐ、ふさ-がる
歳,止,13,S,NA,サイ、（セイ）
載,車,13,S,NA,サイ、の-せる、の-る
際,阜,14,5,NA,サイ、きわ
埼,土,11,4,2010,（さい）[7]
在,土,6,5,NA,ザイ、あ-る
材,木,7,4,NA,ザイ
剤,刀,10,S,NA,ザイ
財,貝,10,5,NA,ザイ、（サイ）
罪,网,13,5,NA,ザイ、つみ
崎,山,11,4,1981,さき
作,人,7,2,NA,サク、サ、つく-る
削,刀,9,S,NA,サク、けず-る
昨,日,9,4,NA,サク
柵,木,9,S,2010,サク
索,糸,10,S,NA,サク
策,竹,12,6,NA,サク
酢,酉,12,S,NA,サク、ス
搾,手,13,S,NA,サク、しぼ-る
錯,金,16,S,NA,サク
咲,口,9,S,NA,さ-く
冊,冂,5,6,NA,サツ、サク
札,木,5,4,NA,サツ、ふだ
刷,刀,8,4,NA,サツ、す-る
刹,刀,8,S,2010,サツ、セツ
拶,手,9,S,2010,サツ
殺,殳,10,5,NA,サツ、（サイ）、（セツ）、ころ-す
察,宀,14,4,NA,サツ
撮,手,15,S,NA,サツ、と-る
擦,手,17,S,NA,サツ、す-る、す-れる
雑,隹,14,5,NA,ザツ、ゾウ
皿,皿,5,3,1981,さら
三,一,3,1,NA,サン、み、み-つ、みっ-つ
山,山,3,1,NA,サン、やま
参,厶,8,4,NA,サン、まい-る
桟,木,10,S,NA,サン
蚕,虫,10,6,NA,サン、かいこ
惨,心,11,S,NA,サン、ザン、みじ-め
産,生,11,4,NA,サン、う-む、う-まれる、うぶ
傘,人,12,S,1981,サン、かさ
散,攴,12,4,NA,サン、ち-る、ち-らす、ち-らかす、ち-らかる
算,竹,14,2,NA,サン
酸,酉,14,5,NA,サン、す-い
賛,貝,15,5,NA,サン
残,歹,10,4,NA,ザン、のこ-る、のこ-す
斬,斤,11,S,2010,ザン、き-る
暫,日,15,S,NA,ザン
士,士,3,5,NA,シ
子,子,3,1,NA,シ、ス、こ
支,支,4,5,NA,シ、ささ-える
止,止,4,2,NA,シ、と-まる、と-める
氏,氏,4,4,NA,シ、うじ
仕,人,5,3,NA,シ、（ジ）、つか-える
史,口,5,5,NA,シ
司,口,5,4,NA,シ
四,囗,5,1,NA,シ、よ、よ-つ、よっ-つ、よん
市,巾,5,2,NA,シ、いち
矢,矢,5,2,NA,シ、や
旨,日,6,S,NA,シ、むね
死,歹,6,3,NA,シ、し-ぬ
糸,糸,6,1,NA,シ、いと
至,至,6,6,NA,シ、いた-る
伺,人,7,S,NA,シ、うかが-う
志,心,7,5,NA,シ、こころざ-す、こころざし
私,禾,7,6,NA,シ、わたくし、わたし
使,人,8,3,NA,シ、つか-う
刺,刀,8,S,NA,シ、さ-す、さ-さる
始,女,8,3,NA,シ、はじ-める、はじ-まる
姉,女,8,2,NA,シ、あね
枝,木,8,5,NA,シ、えだ
祉,示,8,S,NA,シ
肢,肉,8,S,1981,シ
姿,女,9,6,NA,シ、すがた
思,心,9,2,NA,シ、おも-う
指,手,9,3,NA,シ、ゆび、さ-す
施,方,9,S,NA,シ、セ、ほどこ-す
師,巾,10,5,NA,シ
恣,心,10,S,2010,シ
紙,糸,10,2,NA,シ、かみ
脂,肉,10,S,NA,シ、あぶら
視,見,11,6,NA,シ
紫,糸,12,S,NA,シ、むらさき
詞,言,12,6,NA,シ
歯,齒,12,3,NA,シ、は
嗣,口,13,S,NA,シ
試,言,13,4,NA,シ、こころ-みる、ため-す
詩,言,13,3,NA,シ
資,貝,13,5,NA,シ
飼,食,13,5,NA,シ、か-う
誌,言,14,6,NA,シ
雌,隹,14,S,NA,シ、め、めす
摯,手,15,S,2010,シ
賜,貝,15,S,NA,シ、たまわ-る
諮,言,16,S,NA,シ、はか-る
示,示,5,5,NA,ジ、シ、しめ-す
字,子,6,1,NA,ジ、あざ
寺,寸,6,2,NA,ジ、てら
次,欠,6,3,NA,ジ、シ、つ-ぐ、つぎ
耳,耳,6,1,NA,ジ、みみ
自,自,6,2,NA,ジ、シ、みずか-ら
似,人,7,5,NA,ジ、に-る
児,儿,7,4,NA,ジ、（ニ）
事,亅,8,3,NA,ジ、（ズ）、こと
侍,人,8,S,NA,ジ、さむらい
治,水,8,4,NA,ジ、チ、おさ-める、おさ-まる、なお-る、なお-す
持,手,9,3,NA,ジ、も-つ
時,日,10,2,NA,ジ、とき
滋,水,12,4,NA,ジ
慈,心,13,S,NA,ジ、いつく-しむ
辞,辛,13,4,NA,ジ、や-める
磁,石,14,6,NA,ジ
餌,食,15,S,2010,ジ、えさ、え
璽,玉,19,S,NA,ジ
鹿,鹿,11,4,2010,しか、（か）
式,弋,6,3,NA,シキ
識,言,19,5,NA,シキ
軸,車,12,S,NA,ジク
七,一,2,1,NA,シチ、なな、なな-つ、（なの）
�,口,5,S,2010,シツ、しか-る
失,大,5,4,NA,シツ、うしな-う
室,宀,9,2,NA,シツ、むろ
疾,疒,10,S,NA,シツ
執,土,11,S,NA,シツ、シュウ、と-る
湿,水,12,S,NA,シツ、しめ-る、しめ-す
嫉,女,13,S,2010,シツ
漆,水,14,S,NA,シツ、うるし
質,貝,15,5,NA,シツ、シチ、（チ）
実,宀,8,3,NA,ジツ、み、みの-る
芝,艸,6,S,NA,しば
写,宀,5,3,NA,シャ、うつ-す、うつ-る
社,示,7,2,NA,シャ、やしろ
車,車,7,1,NA,シャ、くるま
舎,舌,8,5,NA,シャ
者,老,8,3,NA,シャ、もの
射,寸,10,6,NA,シャ、い-る
捨,手,11,6,NA,シャ、す-てる
赦,赤,11,S,NA,シャ
斜,斗,11,S,NA,シャ、なな-め
煮,火,12,S,NA,シャ、に-る、に-える、に-やす
遮,辵,14,S,1981,シャ、さえぎ-る
謝,言,17,5,NA,シャ、あやま-る
邪,邑,8,S,NA,ジャ
蛇,虫,11,S,1981,ジャ、ダ、へび
尺,尸,4,6,NA,シャク
借,人,10,4,NA,シャク、か-りる
酌,酉,10,S,1981,シャク、く-む
釈,釆,11,S,NA,シャク
爵,爪,17,S,NA,シャク
若,艸,8,6,NA,ジャク、（ニャク）、わか-い、も-しくは
弱,弓,10,2,NA,ジャク、よわ-い、よわ-る、よわ-まる、よわ-める
寂,宀,11,S,NA,ジャク、（セキ）、さび、さび-しい、さび-れる
手,手,4,1,NA,シュ、て、（た）
主,丶,5,3,NA,シュ、（ス）、ぬし、おも
守,宀,6,3,NA,シュ、（ス）、まも-る、も-り
朱,木,6,S,NA,シュ
取,又,8,3,NA,シュ、と-る
狩,犬,9,S,NA,シュ、か-る、か-り
首,首,9,2,NA,シュ、くび
殊,歹,10,S,NA,シュ、こと
珠,玉,10,S,NA,シュ
酒,酉,10,3,NA,シュ、さけ、（さか）
腫,肉,13,S,2010,シュ、は-れる、は-らす
種,禾,14,4,NA,シュ、たね
趣,走,15,S,NA,シュ、おもむき
寿,士,7,S,NA,ジュ、ことぶき
受,又,8,3,NA,ジュ、う-ける、う-かる
呪,口,8,S,2010,ジュ、のろ-う
授,手,11,5,NA,ジュ、さず-ける、さず-かる
需,雨,14,S,NA,ジュ
儒,人,16,S,NA,ジュ
樹,木,16,6,NA,ジュ
収,攴,4,6,NA,シュウ、おさ-める、おさ-まる
囚,囗,5,S,NA,シュウ
州,巛,6,3,NA,シュウ、す
舟,舟,6,S,NA,シュウ、ふね、（ふな）
秀,禾,7,S,NA,シュウ、ひい-でる
周,口,8,4,NA,シュウ、まわ-り
宗,宀,8,6,NA,シュウ、ソウ
拾,手,9,3,NA,シュウ、ジュウ、ひろ-う
秋,禾,9,2,NA,シュウ、あき
臭,自,9,S,NA,シュウ、くさ-い、にお-う
修,人,10,5,NA,シュウ、（シュ）、おさ-める、おさ-まる
袖,衣,10,S,2010,シュウ、そで
終,糸,11,3,NA,シュウ、お-わる、お-える
羞,羊,11,S,2010,シュウ
習,羽,11,3,NA,シュウ、なら-う
週,辵,11,2,NA,シュウ
就,尢,12,6,NA,シュウ、（ジュ）、つ-く、つ-ける
衆,血,12,6,NA,シュウ、（シュ）
集,隹,12,3,NA,シュウ、あつ-まる、あつ-める、つど-う
愁,心,13,S,NA,シュウ、うれ-える、うれ-い
酬,酉,13,S,NA,シュウ
醜,酉,17,S,NA,シュウ、みにく-い
蹴,足,19,S,2010,シュウ、け-る
襲,衣,22,S,NA,シュウ、おそ-う
十,十,2,1,NA,ジュウ、ジッ、とお、と
汁,水,5,S,1981,ジュウ、しる
充,儿,6,S,NA,ジュウ、あ-てる
住,人,7,3,NA,ジュウ、す-む、す-まう
柔,木,9,S,NA,ジュウ、ニュウ、やわ-らか、やわ-らかい
重,里,9,3,NA,ジュウ、チョウ、え、おも-い、かさ-ねる、かさ-なる
従,彳,10,6,NA,ジュウ、（ショウ）、（ジュ）、したが-う、したが-える
渋,水,11,S,NA,ジュウ、しぶ、しぶ-い、しぶ-る
銃,金,14,S,NA,ジュウ
獣,犬,16,S,NA,ジュウ、けもの
縦,糸,16,6,NA,ジュウ、たて
叔,又,8,S,NA,シュク
祝,示,9,4,NA,シュク、（シュウ）、いわ-う
宿,宀,11,3,NA,シュク、やど、やど-る、やど-す
淑,水,11,S,NA,シュク
粛,聿,11,S,NA,シュク
縮,糸,17,6,NA,シュク、ちぢ-む、ちぢ-まる、ちぢ-める、ちぢ-れる、ちぢ-らす
塾,土,14,S,1981,ジュク
熟,火,15,6,NA,ジュク、う-れる
出,凵,5,1,NA,シュツ、（スイ）、で-る、だ-す
述,辵,8,5,NA,ジュツ、の-べる
術,行,11,5,NA,ジュツ
俊,人,9,S,NA,シュン
春,日,9,2,NA,シュン、はる
瞬,目,18,S,NA,シュン、またた-く
旬,日,6,S,NA,ジュン、（シュン）
巡,巛,6,S,NA,ジュン、めぐ-る
盾,目,9,S,NA,ジュン、たて
准,冫,10,S,NA,ジュン
殉,歹,10,S,NA,ジュン
純,糸,10,6,NA,ジュン
循,彳,12,S,NA,ジュン
順,頁,12,4,NA,ジュン
準,水,13,5,NA,ジュン
潤,水,15,S,NA,ジュン、うるお-う、うるお-す、うる-む
遵,辵,15,S,NA,ジュン
処,虍,5,6,NA,ショ
初,刀,7,4,NA,ショ、はじ-め、はじ-めて、はつ、うい、そ-める
所,戶,8,3,NA,ショ、ところ
書,曰,10,2,NA,ショ、か-く
庶,广,11,S,NA,ショ
暑,日,12,3,NA,ショ、あつ-い
署,网,13,6,NA,ショ
緒,糸,14,S,NA,ショ、（チョ）、お
諸,言,15,6,NA,ショ
女,女,3,1,NA,ジョ、ニョ、（ニョウ）、おんな、め
如,女,6,S,NA,ジョ、ニョ
助,力,7,3,NA,ジョ、たす-ける、たす-かる、すけ
序,广,7,5,NA,ジョ
叙,攴,9,S,NA,ジョ
徐,彳,10,S,NA,ジョ
除,阜,10,6,NA,ジョ、（ジ）、のぞ-く
小,小,3,1,NA,ショウ、ちい-さい、こ、お
升,十,4,S,NA,ショウ、ます
少,小,4,2,NA,ショウ、すく-ない、すこ-し
召,口,5,S,NA,ショウ、め-す
匠,匚,6,S,NA,ショウ
床,广,7,S,NA,ショウ、とこ、ゆか
抄,手,7,S,NA,ショウ
肖,肉,7,S,NA,ショウ
尚,小,8,S,1981,ショウ
招,手,8,5,NA,ショウ、まね-く
承,手,8,6,NA,ショウ、うけたまわ-る
昇,日,8,S,NA,ショウ、のぼ-る
松,木,8,4,NA,ショウ、まつ
沼,水,8,S,NA,ショウ、ぬま
昭,日,9,3,NA,ショウ
宵,宀,10,S,1981,ショウ、よい
将,寸,10,6,NA,ショウ
消,水,10,3,NA,ショウ、き-える、け-す
症,疒,10,S,NA,ショウ
祥,示,10,S,NA,ショウ
称,禾,10,S,NA,ショウ
笑,竹,10,4,NA,ショウ、わら-う、え-む
唱,口,11,4,NA,ショウ、とな-える
商,口,11,3,NA,ショウ、あきな-う
渉,水,11,S,NA,ショウ
章,立,11,3,NA,ショウ
紹,糸,11,S,NA,ショウ
訟,言,11,S,NA,ショウ
勝,力,12,3,NA,ショウ、か-つ、まさ-る
掌,手,12,S,NA,ショウ
晶,日,12,S,NA,ショウ
焼,火,12,4,NA,ショウ、や-く、や-ける
焦,火,12,S,NA,ショウ、こ-げる、こ-がす、こ-がれる、あせ-る
硝,石,12,S,NA,ショウ
粧,米,12,S,NA,ショウ
詔,言,12,S,NA,ショウ、みことのり
証,言,12,5,NA,ショウ
象,豕,12,5,NA,ショウ、ゾウ
傷,人,13,6,NA,ショウ、きず、いた-む、いた-める
奨,大,13,S,NA,ショウ
照,火,13,4,NA,ショウ、て-る、て-らす、て-れる
詳,言,13,S,NA,ショウ、くわ-しい
彰,彡,14,S,NA,ショウ
障,阜,14,6,NA,ショウ、さわ-る
憧,心,15,S,2010,ショウ、あこが-れる
衝,行,15,S,NA,ショウ
賞,貝,15,5,NA,ショウ
償,人,17,S,NA,ショウ、つぐな-う
礁,石,17,S,NA,ショウ
鐘,金,20,S,NA,ショウ、かね
上,一,3,1,NA,ジョウ、（ショウ）、うえ、（うわ）、かみ、あ-げる、あ-がる、のぼ-る、のぼ-せる、のぼ-す
丈,一,3,S,NA,ジョウ、たけ
冗,冖,4,S,NA,ジョウ
条,木,7,5,NA,ジョウ
状,犬,7,5,NA,ジョウ
乗,丿,9,3,NA,ジョウ、の-る、の-せる
城,土,9,4,NA,ジョウ、しろ
浄,水,9,S,NA,ジョウ
剰,刀,11,S,NA,ジョウ
常,巾,11,5,NA,ジョウ、つね、とこ
情,心,11,5,NA,ジョウ、（セイ）、なさ-け
場,土,12,2,NA,ジョウ、ば
畳,田,12,S,NA,ジョウ、たた-む、たたみ
蒸,艸,13,6,NA,ジョウ、む-す、む-れる、む-らす
縄,糸,15,4,1981,ジョウ、なわ
壌,土,16,S,1981,ジョウ
嬢,女,16,S,NA,ジョウ
錠,金,16,S,NA,ジョウ
譲,言,20,S,NA,ジョウ、ゆず-る
醸,酉,20,S,NA,ジョウ、かも-す
色,色,6,2,NA,ショク、シキ、いろ
拭,手,9,S,2010,ショク、ふ-く、ぬぐ-う
食,食,9,2,NA,ショク、（ジキ）、く-う、く-らう、た-べる
植,木,12,3,NA,ショク、う-える、う-わる
殖,歹,12,S,NA,ショク、ふ-える、ふ-やす
飾,食,13,S,NA,ショク、かざ-る
触,角,13,S,NA,ショク、ふ-れる、さわ-る
嘱,口,15,S,NA,ショク
織,糸,18,5,NA,ショク、シキ、お-る
職,耳,18,5,NA,ショク
辱,辰,10,S,NA,ジョク、はずかし-める
尻,尸,5,S,2010,しり
心,心,4,2,NA,シン、こころ
申,田,5,3,NA,シン、もう-す
伸,人,7,S,NA,シン、の-びる、の-ばす、の-べる
臣,臣,7,4,NA,シン、ジン
芯,艸,7,S,2010,シン
身,身,7,3,NA,シン、み
辛,辛,7,S,NA,シン、から-い
侵,人,9,S,NA,シン、おか-す
信,人,9,4,NA,シン
津,水,9,S,NA,シン、つ
神,示,9,3,NA,シン、ジン、かみ、（かん）、（こう）
唇,口,10,S,1981,シン、くちびる
娠,女,10,S,NA,シン
振,手,10,S,NA,シン、ふ-る、ふ-るう、ふ-れる
浸,水,10,S,NA,シン、ひた-す、ひた-る
真,目,10,3,NA,シン、ま
針,金,10,6,NA,シン、はり
深,水,11,3,NA,シン、ふか-い、ふか-まる、ふか-める
紳,糸,11,S,NA,シン
進,辵,11,3,NA,シン、すす-む、すす-める
森,木,12,1,NA,シン、もり
診,言,12,S,NA,シン、み-る
寝,宀,13,S,NA,シン、ね-る、ね-かす
慎,心,13,S,NA,シン、つつし-む
新,斤,13,2,NA,シン、あたら-しい、あら-た、にい
審,宀,15,S,NA,シン
震,雨,15,S,NA,シン、ふる-う、ふる-える
薪,艸,16,S,NA,シン、たきぎ
親,見,16,2,NA,シン、おや、した-しい、した-しむ
人,人,2,1,NA,ジン、ニン、ひと
刃,刀,3,S,NA,ジン、は
仁,人,4,6,NA,ジン、（ニ）
尽,皿,6,S,NA,ジン、つ-くす、つ-きる、つ-かす
迅,辵,6,S,NA,ジン
甚,甘,9,S,1981,ジン、はなは-だ、はなは-だしい
陣,阜,10,S,NA,ジン
尋,寸,12,S,NA,ジン、たず-ねる
腎,肉,13,S,2010,ジン
須,頁,12,S,2010,ス
図,囗,7,2,NA,ズ、ト、はか-る
水,水,4,1,NA,スイ、みず
吹,口,7,S,NA,スイ、ふ-く
垂,土,8,6,NA,スイ、た-れる、た-らす
炊,火,8,S,NA,スイ、た-く
帥,巾,9,S,NA,スイ
粋,米,10,S,NA,スイ、いき
衰,衣,10,S,NA,スイ、おとろ-える
推,手,11,6,NA,スイ、お-す
酔,酉,11,S,NA,スイ、よ-う
遂,辵,12,S,NA,スイ、と-げる
睡,目,13,S,NA,スイ
穂,禾,15,S,NA,スイ、ほ
随,阜,12,S,NA,ズイ
髄,骨,19,S,NA,ズイ
枢,木,8,S,NA,スウ
崇,山,11,S,NA,スウ
数,攴,13,2,NA,スウ、（ス）、かず、かぞ-える
据,手,11,S,1981,す-える、す-わる
杉,木,7,S,1981,すぎ
裾,衣,13,S,2010,すそ
寸,寸,3,6,NA,スン
瀬,水,19,S,NA,せ
是,日,9,S,NA,ゼ
井,二,4,4,NA,セイ、（ショウ）、い
世,一,5,3,NA,セイ、セ、よ
正,止,5,1,NA,セイ、ショウ、ただ-しい、ただ-す、まさ
生,生,5,1,NA,セイ、ショウ、い-きる、い-かす、い-ける、う-まれる、う-む、お-う、は-える、は-やす、き、なま
成,戈,6,4,NA,セイ、（ジョウ）、な-る、な-す
西,襾,6,2,NA,セイ、サイ、にし
声,耳,7,2,NA,セイ、（ショウ）、こえ、（こわ）
制,刀,8,5,NA,セイ
姓,女,8,S,NA,セイ、ショウ
征,彳,8,S,NA,セイ
性,心,8,5,NA,セイ、ショウ
青,靑,8,1,NA,セイ、（ショウ）、あお、あお-い
斉,齊,8,S,1981,セイ
政,攴,9,5,NA,セイ、（ショウ）、まつりごと
星,日,9,2,NA,セイ、（ショウ）、ほし
牲,牛,9,S,NA,セイ
省,目,9,4,NA,セイ、ショウ、かえり-みる、はぶ-く
凄,冫,10,S,2010,セイ
逝,辵,10,S,1981,セイ、ゆ-く、い-く
清,水,11,4,NA,セイ、（ショウ）、きよ-い、きよ-まる、きよ-める
盛,皿,11,6,NA,セイ、（ジョウ）、も-る、さか-る、さか-ん
婿,女,12,S,NA,セイ、むこ
晴,日,12,2,NA,セイ、は-れる、は-らす
勢,力,13,5,NA,セイ、いきお-い
聖,耳,13,6,NA,セイ
誠,言,13,6,NA,セイ、まこと
精,米,14,5,NA,セイ、（ショウ）
製,衣,14,5,NA,セイ
誓,言,14,S,NA,セイ、ちか-う
静,靑,14,4,NA,セイ、（ジョウ）、しず、しず-か、しず-まる、しず-める
請,言,15,S,NA,セイ、（シン）、こ-う、う-ける
整,攴,16,3,NA,セイ、ととの-える、ととの-う
醒,酉,16,S,2010,セイ
税,禾,12,5,NA,ゼイ
夕,夕,3,1,NA,セキ、ゆう
斥,斤,5,S,NA,セキ
石,石,5,1,NA,セキ、（シャク）、（コク）、いし
赤,赤,7,1,NA,セキ、（シャク）、あか、あか-い、あか-らむ、あか-らめる
昔,日,8,3,NA,セキ、（シャク）、むかし
析,木,8,S,NA,セキ
席,巾,10,4,NA,セキ
脊,肉,10,S,2010,セキ
隻,隹,10,S,NA,セキ
惜,心,11,S,NA,セキ、お-しい、お-しむ
戚,戈,11,S,2010,セキ
責,貝,11,5,NA,セキ、せ-める
跡,足,13,S,NA,セキ、あと
積,禾,16,4,NA,セキ、つ-む、つ-もる
績,糸,17,5,NA,セキ
籍,竹,20,S,NA,セキ
切,刀,4,2,NA,セツ、（サイ）、き-る、き-れる
折,手,7,4,NA,セツ、お-る、おり、お-れる
拙,手,8,S,NA,セツ、つたな-い
窃,穴,9,S,NA,セツ
接,手,11,5,NA,セツ、つ-ぐ
設,言,11,5,NA,セツ、もう-ける
雪,雨,11,2,NA,セツ、ゆき
摂,手,13,S,NA,セツ
節,竹,13,4,NA,セツ、（セチ）、ふし
説,言,14,4,NA,セツ、（ゼイ）、と-く
舌,舌,6,6,NA,ゼツ、した
絶,糸,12,5,NA,ゼツ、た-える、た-やす、た-つ
千,十,3,1,NA,セン、ち
川,巛,3,1,NA,セン、かわ
仙,人,5,S,1981,セン
占,卜,5,S,NA,セン、し-める、うらな-う
先,儿,6,1,NA,セン、さき
宣,宀,9,6,NA,セン
専,寸,9,6,NA,セン、もっぱ-ら
泉,水,9,6,NA,セン、いずみ
浅,水,9,4,NA,セン、あさ-い
洗,水,9,6,NA,セン、あら-う
染,木,9,6,NA,セン、そ-める、そ-まる、し-みる、し-み
扇,戶,10,S,NA,セン、おうぎ
栓,木,10,S,1981,セン
旋,方,11,S,NA,セン
船,舟,11,2,NA,セン、ふね、（ふな）
戦,戈,13,4,NA,セン、いくさ、たたか-う
煎,火,13,S,2010,セン、い-る
羨,羊,13,S,2010,セン、うらや-む、うらや-ましい
腺,肉,13,S,2010,セン
詮,言,13,S,2010,セン
践,足,13,S,NA,セン
箋,竹,14,S,2010,セン
銭,金,14,6,NA,セン、ぜに
潜,水,15,S,NA,セン、ひそ-む、もぐ-る
線,糸,15,2,NA,セン
遷,辵,15,S,NA,セン
選,辵,15,4,NA,セン、えら-ぶ
薦,艸,16,S,NA,セン、すす-める
繊,糸,17,S,NA,セン
鮮,魚,17,S,NA,セン、あざ-やか
全,入,6,3,NA,ゼン、まった-く、すべ-て
前,刀,9,2,NA,ゼン、まえ
善,口,12,6,NA,ゼン、よ-い
然,火,12,4,NA,ゼン、ネン
禅,示,13,S,NA,ゼン
漸,水,14,S,NA,ゼン
膳,肉,16,S,2010,ゼン
繕,糸,18,S,NA,ゼン、つくろ-う
狙,犬,8,S,2010,ソ、ねら-う
阻,阜,8,S,NA,ソ、はば-む
祖,示,9,5,NA,ソ
租,禾,10,S,NA,ソ
素,糸,10,5,NA,ソ、ス
措,手,11,S,NA,ソ
粗,米,11,S,NA,ソ、あら-い
組,糸,11,2,NA,ソ、く-む、くみ
疎,疋,12,S,NA,ソ、うと-い、うと-む
訴,言,12,S,NA,ソ、うった-える
塑,土,13,S,NA,ソ
遡,辵,14,S,2010,ソ、さかのぼ-る
礎,石,18,S,NA,ソ、いしずえ
双,隹,4,S,NA,ソウ、ふた
壮,士,6,S,NA,ソウ
早,日,6,1,NA,ソウ、（サッ）、はや-い、はや-まる、はや-める
争,爪,6,4,NA,ソウ、あらそ-う
走,走,7,2,NA,ソウ、はし-る
奏,大,9,6,NA,ソウ、かな-でる
相,目,9,3,NA,ソウ、ショウ、あい
荘,艸,9,S,NA,ソウ
草,艸,9,1,NA,ソウ、くさ
送,辵,9,3,NA,ソウ、おく-る
倉,人,10,4,NA,ソウ、くら
捜,手,10,S,NA,ソウ、さが-す
挿,手,10,S,1981,ソウ、さ-す
桑,木,10,S,NA,ソウ、くわ
巣,巛,11,4,NA,ソウ、す
掃,手,11,S,NA,ソウ、は-く
曹,曰,11,S,1981,ソウ
曽,曰,11,S,2010,ソウ、（ゾ）
爽,爻,11,S,2010,ソウ、さわ-やか
窓,穴,11,6,NA,ソウ、まど
創,刀,12,6,NA,ソウ、つく-る
喪,口,12,S,NA,ソウ、も
痩,疒,12,S,2010,ソウ、や-せる
葬,艸,12,S,NA,ソウ、ほうむ-る
装,衣,12,6,NA,ソウ、ショウ、よそお-う
僧,人,13,S,NA,ソウ
想,心,13,3,NA,ソウ、（ソ）
層,尸,14,6,NA,ソウ
総,糸,14,5,NA,ソウ
遭,辵,14,S,NA,ソウ、あ-う
槽,木,15,S,1981,ソウ
踪,足,15,S,2010,ソウ
操,手,16,6,NA,ソウ、みさお、あやつ-る
燥,火,17,S,NA,ソウ
霜,雨,17,S,NA,ソウ、しも
騒,馬,18,S,NA,ソウ、さわ-ぐ
藻,艸,19,S,1981,ソウ、も
造,辵,10,5,NA,ゾウ、つく-る
像,人,14,5,NA,ゾウ
増,土,14,5,NA,ゾウ、ま-す、ふ-える、ふ-やす
憎,心,14,S,NA,ゾウ、にく-む、にく-い、にく-らしい、にく-しみ
蔵,艸,15,6,NA,ゾウ、くら
贈,貝,18,S,NA,ゾウ、（ソウ）、おく-る
臓,肉,19,6,NA,ゾウ
即,卩,7,S,NA,ソク
束,木,7,4,NA,ソク、たば
足,足,7,1,NA,ソク、あし、た-りる、た-る、た-す
促,人,9,S,NA,ソク、うなが-す
則,刀,9,5,NA,ソク
息,心,10,3,NA,ソク、いき
捉,手,10,S,2010,ソク、とら-える
速,辵,10,3,NA,ソク、はや-い、はや-める、はや-まる、すみ-やか
側,人,11,4,NA,ソク、がわ
測,水,12,5,NA,ソク、はか-る
俗,人,9,S,NA,ゾク
族,方,11,3,NA,ゾク
属,尸,12,5,NA,ゾク
賊,貝,13,S,NA,ゾク
続,糸,13,4,NA,ゾク、つづ-く、つづ-ける
卒,十,8,4,NA,ソツ
率,玄,11,5,NA,ソツ、リツ、ひき-いる
存,子,6,6,NA,ソン、ゾン
村,木,7,1,NA,ソン、むら
孫,子,10,4,NA,ソン、まご
尊,寸,12,6,NA,ソン、たっと-い、とうと-い、たっと-ぶ、とうと-ぶ
損,手,13,5,NA,ソン、そこ-なう、そこ-ねる
遜,辵,14,S,2010,ソン
他,人,5,3,NA,タ、ほか
多,夕,6,2,NA,タ、おお-い
汰,水,7,S,2010,タ
打,手,5,3,NA,ダ、う-つ
妥,女,7,S,NA,ダ
唾,口,11,S,2010,ダ、つば
堕,土,12,S,NA,ダ
惰,心,12,S,NA,ダ
駄,馬,14,S,1981,ダ
太,大,4,2,NA,タイ、タ、ふと-い、ふと-る
対,寸,7,3,NA,タイ、ツイ
体,人,7,2,NA,タイ、テイ、からだ
耐,而,9,S,NA,タイ、た-える
待,彳,9,3,NA,タイ、ま-つ
怠,心,9,S,NA,タイ、おこた-る、なま-ける
胎,肉,9,S,NA,タイ
退,辵,9,6,NA,タイ、しりぞ-く、しりぞ-ける
帯,巾,10,4,NA,タイ、お-びる、おび
泰,水,10,S,NA,タイ
堆,土,11,S,2010,タイ
袋,衣,11,S,NA,タイ、ふくろ
逮,辵,11,S,NA,タイ
替,曰,12,S,NA,タイ、か-える、か-わる
貸,貝,12,5,NA,タイ、か-す
隊,阜,12,4,NA,タイ
滞,水,13,S,NA,タイ、とどこお-る
態,心,14,5,NA,タイ
戴,戈,17,S,2010,タイ
大,大,3,1,NA,ダイ、タイ、おお、おお-きい、おお-いに
代,人,5,3,NA,ダイ、タイ、か-わる、か-える、よ、しろ
台,口,5,2,NA,ダイ、タイ
第,竹,11,3,NA,ダイ
題,頁,18,3,NA,ダイ
滝,水,13,S,NA,たき
宅,宀,6,6,NA,タク
択,手,7,S,NA,タク
沢,水,7,S,NA,タク、さわ
卓,十,8,S,NA,タク
拓,手,8,S,NA,タク
託,言,10,S,NA,タク
濯,水,17,S,1981,タク
諾,言,15,S,NA,ダク
濁,水,16,S,NA,ダク、にご-る、にご-す
但,人,7,S,NA,ただ-し
達,辵,12,4,NA,タツ
脱,肉,11,S,NA,ダツ、ぬ-ぐ、ぬ-げる
奪,大,14,S,NA,ダツ、うば-う
棚,木,12,S,1981,たな
誰,言,15,S,2010,だれ
丹,丶,4,S,NA,タン
旦,日,5,S,2010,タン、ダン
担,手,8,6,NA,タン、かつ-ぐ、にな-う
単,口,9,4,NA,タン
炭,火,9,3,NA,タン、すみ
胆,肉,9,S,NA,タン
探,手,11,6,NA,タン、さぐ-る、さが-す
淡,水,11,S,NA,タン、あわ-い
短,矢,12,3,NA,タン、みじか-い
嘆,口,13,S,NA,タン、なげ-く、なげ-かわしい
端,立,14,S,NA,タン、はし、は、はた
綻,糸,14,S,2010,タン、ほころ-びる
誕,言,15,6,NA,タン
鍛,金,17,S,NA,タン、きた-える
団,囗,6,5,NA,ダン、（トン）
男,田,7,1,NA,ダン、ナン、おとこ
段,殳,9,6,NA,ダン
断,斤,11,5,NA,ダン、た-つ、ことわ-る
弾,弓,12,S,NA,ダン、ひ-く、はず-む、たま
暖,日,13,6,NA,ダン、あたた-か、あたた-かい、あたた-まる、あたた-める
談,言,15,3,NA,ダン
壇,土,16,S,NA,ダン、（タン）
地,土,6,2,NA,チ、ジ
池,水,6,2,NA,チ、いけ
知,矢,8,2,NA,チ、し-る
値,人,10,6,NA,チ、ね、あたい
恥,心,10,S,NA,チ、は-じる、はじ、は-じらう、は-ずかしい
致,至,10,S,NA,チ、いた-す
遅,辵,12,S,NA,チ、おく-れる、おく-らす、おそ-い
痴,疒,13,S,NA,チ
稚,禾,13,S,NA,チ
置,网,13,4,NA,チ、お-く
緻,糸,16,S,2010,チ
竹,竹,6,1,NA,チク、たけ
畜,田,10,S,NA,チク
逐,辵,10,S,NA,チク
蓄,艸,13,S,NA,チク、たくわ-える
築,竹,16,5,NA,チク、きず-く
秩,禾,10,S,NA,チツ
窒,穴,11,S,NA,チツ
茶,艸,9,2,NA,チャ、サ
着,羊,12,3,NA,チャク、（ジャク）、き-る、き-せる、つ-く、つ-ける
嫡,女,14,S,NA,チャク
中,丨,4,1,NA,チュウ、（ジュウ）、なか
仲,人,6,4,NA,チュウ、なか
虫,虫,6,1,NA,チュウ、むし
沖,水,7,4,NA,チュウ、おき
宙,宀,8,6,NA,チュウ
忠,心,8,6,NA,チュウ
抽,手,8,S,NA,チュウ
注,水,8,3,NA,チュウ、そそ-ぐ
昼,日,9,2,NA,チュウ、ひる
柱,木,9,3,NA,チュウ、はしら
衷,衣,10,S,NA,チュウ
酎,酉,10,S,2010,チュウ
鋳,金,15,S,NA,チュウ、い-る
駐,馬,15,S,NA,チュウ
著,艸,11,6,NA,チョ、あらわ-す、いちじる-しい
貯,貝,12,5,NA,チョ
丁,一,2,3,NA,チョウ、テイ
弔,弓,4,S,NA,チョウ、とむら-う
庁,广,5,6,NA,チョウ
兆,儿,6,4,NA,チョウ、きざ-す、きざ-し
町,田,7,1,NA,チョウ、まち
長,長,8,2,NA,チョウ、なが-い
挑,手,9,S,1981,チョウ、いど-む
帳,巾,11,3,NA,チョウ
張,弓,11,5,NA,チョウ、は-る
彫,彡,11,S,NA,チョウ、ほ-る
眺,目,11,S,1981,チョウ、なが-める
釣,金,11,S,1981,チョウ、つ-る
頂,頁,11,6,NA,チョウ、いただ-く、いただき
鳥,鳥,11,2,NA,チョウ、とり
朝,月,12,2,NA,チョウ、あさ
貼,貝,12,S,2010,チョウ、は-る
超,走,12,S,NA,チョウ、こ-える、こ-す
腸,肉,13,6,NA,チョウ
跳,足,13,S,NA,チョウ、は-ねる、と-ぶ
徴,彳,14,S,NA,チョウ
嘲,口,15,S,2010,チョウ、あざけ-る
潮,水,15,6,NA,チョウ、しお
澄,水,15,S,NA,チョウ、す-む、す-ます
調,言,15,3,NA,チョウ、しら-べる、ととの-う、ととの-える
聴,耳,17,S,NA,チョウ、き-く
懲,心,18,S,NA,チョウ、こ-りる、こ-らす、こ-らしめる
直,目,8,2,NA,チョク、ジキ、ただ-ちに、なお-す、なお-る
勅,力,9,S,NA,チョク
捗,手,10,S,2010,チョク
沈,水,7,S,NA,チン、しず-む、しず-める
珍,玉,9,S,NA,チン、めずら-しい
朕,月,10,S,NA,チン
陳,阜,11,S,NA,チン
賃,貝,13,6,NA,チン
鎮,金,18,S,NA,チン、しず-める、しず-まる
追,辵,9,3,NA,ツイ、お-う
椎,木,12,S,2010,ツイ
墜,土,15,S,NA,ツイ
通,辵,10,2,NA,ツウ、（ツ）、とお-る、とお-す、かよ-う
痛,疒,12,6,NA,ツウ、いた-い、いた-む、いた-める
塚,土,12,S,1981,つか
漬,水,14,S,1981,つ-ける、つ-かる
坪,土,8,S,NA,つぼ
爪,爪,4,S,2010,つめ、（つま）
鶴,鳥,21,S,2010,つる
低,人,7,4,NA,テイ、ひく-い、ひく-める、ひく-まる
呈,口,7,S,NA,テイ
廷,廴,7,S,NA,テイ
弟,弓,7,2,NA,テイ、（ダイ）、（デ）、おとうと
定,宀,8,3,NA,テイ、ジョウ、さだ-める、さだ-まる、さだ-か
底,广,8,4,NA,テイ、そこ
抵,手,8,S,NA,テイ
邸,邑,8,S,NA,テイ
亭,亠,9,S,1981,テイ
貞,貝,9,S,NA,テイ
帝,巾,9,S,NA,テイ
訂,言,9,S,NA,テイ
庭,广,10,3,NA,テイ、にわ
逓,辵,10,S,NA,テイ
停,人,11,5,NA,テイ
偵,人,11,S,1981,テイ
堤,土,12,S,NA,テイ、つつみ
提,手,12,5,NA,テイ、さ-げる
程,禾,12,5,NA,テイ、ほど
艇,舟,13,S,NA,テイ
締,糸,15,S,NA,テイ、し-まる、し-める
諦,言,16,S,2010,テイ、あきら-める
泥,水,8,S,1981,デイ、どろ
的,白,8,4,NA,テキ、まと
笛,竹,11,3,NA,テキ、ふえ
摘,手,14,S,NA,テキ、つ-む
滴,水,14,S,NA,テキ、しずく、したた-る
適,辵,14,5,NA,テキ
敵,攴,15,6,NA,テキ、かたき
溺,水,13,S,2010,デキ、おぼ-れる
迭,辵,8,S,NA,テツ
哲,口,10,S,NA,テツ
鉄,金,13,3,NA,テツ
徹,彳,15,S,NA,テツ
撤,手,15,S,NA,テツ
天,大,4,1,NA,テン、あめ、（あま）
典,八,8,4,NA,テン
店,广,8,2,NA,テン、みせ
点,黑,9,2,NA,テン
展,尸,10,6,NA,テン
添,水,11,S,NA,テン、そ-える、そ-う
転,車,11,3,NA,テン、ころ-がる、ころ-げる、ころ-がす、ころ-ぶ
塡,土,13,S,2010,テン
田,田,5,1,NA,デン、た
伝,人,6,4,NA,デン、つた-わる、つた-える、つた-う
殿,殳,13,S,NA,デン、テン、との、どの
電,雨,13,2,NA,デン
斗,斗,4,S,NA,ト
吐,口,6,S,NA,ト、は-く
妬,女,8,S,2010,ト、ねた-む
徒,彳,10,4,NA,ト
途,辵,10,S,NA,ト
都,邑,11,3,NA,ト、ツ、みやこ
渡,水,12,S,NA,ト、わた-る、わた-す
塗,土,13,S,NA,ト、ぬ-る
賭,貝,16,S,2010,ト、か-ける
土,土,3,1,NA,ド、ト、つち
奴,女,5,S,NA,ド
努,力,7,4,NA,ド、つと-める
度,广,9,3,NA,ド、（ト）、（タク）、たび
怒,心,9,S,NA,ド、いか-る、おこ-る
刀,刀,2,2,NA,トウ、かたな
冬,冫,5,2,NA,トウ、ふゆ
灯,火,6,4,NA,トウ、ひ
当,田,6,2,NA,トウ、あ-たる、あ-てる
投,手,7,3,NA,トウ、な-げる
豆,豆,7,3,NA,トウ、（ズ）、まめ
東,木,8,2,NA,トウ、ひがし
到,刀,8,S,NA,トウ
逃,辵,9,S,NA,トウ、に-げる、に-がす、のが-す、のが-れる
倒,人,10,S,NA,トウ、たお-れる、たお-す
凍,冫,10,S,NA,トウ、こお-る、こご-える
唐,口,10,S,NA,トウ、から
島,山,10,3,NA,トウ、しま
桃,木,10,S,NA,トウ、もも
討,言,10,6,NA,トウ、う-つ
透,辵,10,S,NA,トウ、す-く、す-かす、す-ける
党,黑,10,6,NA,トウ
悼,心,11,S,NA,トウ、いた-む
盗,皿,11,S,NA,トウ、ぬす-む
陶,阜,11,S,NA,トウ
塔,土,12,S,NA,トウ
搭,手,12,S,1981,トウ
棟,木,12,S,1981,トウ、むね、（むな）
湯,水,12,3,NA,トウ、ゆ
痘,疒,12,S,NA,トウ
登,癶,12,3,NA,トウ、ト、のぼ-る
答,竹,12,2,NA,トウ、こた-える、こた-え
等,竹,12,3,NA,トウ、ひと-しい
筒,竹,12,S,NA,トウ、つつ
統,糸,12,5,NA,トウ、す-べる
稲,禾,14,S,NA,トウ、いね、（いな）
踏,足,15,S,NA,トウ、ふ-む、ふ-まえる
糖,米,16,6,NA,トウ
頭,頁,16,2,NA,トウ、ズ、（ト）、あたま、かしら
謄,言,17,S,NA,トウ
藤,艸,18,S,2010,トウ、ふじ
闘,鬥,18,S,NA,トウ、たたか-う
騰,馬,20,S,NA,トウ
同,口,6,2,NA,ドウ、おな-じ
洞,水,9,S,1981,ドウ、ほら
胴,肉,10,S,NA,ドウ
動,力,11,3,NA,ドウ、うご-く、うご-かす
堂,土,11,5,NA,ドウ
童,立,12,3,NA,ドウ、わらべ
道,辵,12,2,NA,ドウ、（トウ）、みち
働,人,13,4,NA,ドウ、はたら-く
銅,金,14,5,NA,ドウ
導,寸,15,5,NA,ドウ、みちび-く
瞳,目,17,S,2010,ドウ、ひとみ
峠,山,9,S,NA,とうげ
匿,匸,10,S,NA,トク
特,牛,10,4,NA,トク
得,彳,11,5,NA,トク、え-る、う-る
督,目,13,S,NA,トク
徳,彳,14,4,NA,トク
篤,竹,16,S,NA,トク
毒,毋,8,5,NA,ドク
独,犬,9,5,NA,ドク、ひと-り
読,言,14,2,NA,ドク、トク、（トウ）、よ-む
栃,木,9,4,2010,（とち）[7]
凸,凵,5,S,1981,トツ
突,穴,8,S,NA,トツ、つ-く
届,尸,8,6,NA,とど-ける、とど-く
屯,屮,4,S,1981,トン
豚,豕,11,S,NA,トン、ぶた
頓,頁,13,S,2010,トン
貪,貝,11,S,2010,ドン、むさぼ-る
鈍,金,12,S,NA,ドン、にぶ-い、にぶ-る
曇,日,16,S,NA,ドン、くも-る
丼,丶,5,S,2010,どんぶり、（どん）
那,邑,7,S,2010,ナ
奈,大,8,4,2010,ナ
内,入,4,2,NA,ナイ、（ダイ）、うち
梨,木,11,4,2010,なし
謎,言,17,S,2010,なぞ
鍋,金,17,S,2010,なべ
南,十,9,2,NA,ナン、（ナ）、みなみ
軟,車,11,S,NA,ナン、やわ-らか、やわ-らかい
難,隹,18,6,NA,ナン、かた-い、むずか-しい
二,二,2,1,NA,ニ、ふた、ふた-つ
尼,尸,5,S,NA,ニ、あま
弐,貝,6,S,NA,ニ
匂,勹,4,S,2010,にお-う
肉,肉,6,2,NA,ニク
虹,虫,9,S,2010,にじ
日,日,4,1,NA,ニチ、ジツ、ひ、か
入,入,2,1,NA,ニュウ、い-る、い-れる、はい-る
乳,乙,8,6,NA,ニュウ、ちち、ち
尿,尸,7,S,NA,ニョウ
任,人,6,5,NA,ニン、まか-せる、まか-す
妊,女,7,S,NA,ニン
忍,心,7,S,NA,ニン、しの-ぶ、しの-ばせる
認,言,14,6,NA,ニン、みと-める
寧,宀,14,S,NA,ネイ
熱,火,15,4,NA,ネツ、あつ-い
年,干,6,1,NA,ネン、とし
念,心,8,4,NA,ネン
捻,手,11,S,2010,ネン
粘,米,11,S,NA,ネン、ねば-る
燃,火,16,5,NA,ネン、も-える、も-やす、も-す
悩,心,10,S,NA,ノウ、なや-む、なや-ます
納,糸,10,6,NA,ノウ、（ナッ）、（ナ）、（ナン）、（トウ）、おさ-める、おさ-まる
能,肉,10,5,NA,ノウ
脳,肉,11,6,NA,ノウ
農,辰,13,3,NA,ノウ
濃,水,16,S,NA,ノウ、こ-い
把,手,7,S,1981,ハ
波,水,8,3,NA,ハ、なみ
派,水,9,6,NA,ハ
破,石,10,5,NA,ハ、やぶ-る、やぶ-れる
覇,襾,19,S,1981,ハ
馬,馬,10,2,NA,バ、うま、（ま）
婆,女,11,S,NA,バ
罵,网,15,S,2010,バ、ののし-る
拝,手,8,6,NA,ハイ、おが-む
杯,木,8,S,NA,ハイ、さかずき
背,肉,9,6,NA,ハイ、せ、せい、そむ-く、そむ-ける
肺,肉,9,6,NA,ハイ
俳,人,10,6,NA,ハイ
配,酉,10,3,NA,ハイ、くば-る
排,手,11,S,NA,ハイ
敗,攴,11,4,NA,ハイ、やぶ-れる
廃,广,12,S,NA,ハイ、すた-れる、すた-る
輩,車,15,S,NA,ハイ
売,貝,7,2,NA,バイ、う-る、う-れる
倍,人,10,3,NA,バイ
梅,木,10,4,NA,バイ、うめ
培,土,11,S,NA,バイ、つちか-う
陪,阜,11,S,NA,バイ
媒,女,12,S,NA,バイ
買,貝,12,2,NA,バイ、か-う
賠,貝,15,S,NA,バイ
白,白,5,1,NA,ハク、ビャク、しろ、（しら）、しろ-い
伯,人,7,S,NA,ハク
拍,手,8,S,NA,ハク、（ヒョウ）
泊,水,8,S,NA,ハク、と-まる、と-める
迫,辵,8,S,NA,ハク、せま-る
剝,刀,10,S,2010,ハク、は-がす、は-ぐ、は-がれる、は-げる
舶,舟,11,S,NA,ハク
博,十,12,4,NA,ハク、（バク）
薄,艸,16,S,NA,ハク、うす-い、うす-める、うす-まる、うす-らぐ、うす-れる
麦,麥,7,2,NA,バク、むぎ
漠,水,13,S,1981,バク
縛,糸,16,S,NA,バク、しば-る
爆,火,19,S,NA,バク
箱,竹,15,3,NA,はこ
箸,竹,15,S,2010,はし
畑,田,9,3,NA,はた、はたけ
肌,肉,6,S,1981,はだ
八,八,2,1,NA,ハチ、や、や-つ、やっ-つ、（よう）
鉢,金,13,S,1981,ハチ、（ハツ）
発,癶,9,3,NA,ハツ、ホツ
髪,髟,14,S,NA,ハツ、かみ
伐,人,6,S,NA,バツ
抜,手,7,S,NA,バツ、ぬ-く、ぬ-ける、ぬ-かす、ぬ-かる
罰,网,14,S,NA,バツ、バチ
閥,門,14,S,NA,バツ
反,又,4,3,NA,ハン、（ホン）、（タン）、そ-る、そ-らす
半,十,5,2,NA,ハン、なか-ば
氾,水,5,S,2010,ハン
犯,犬,5,5,NA,ハン、おか-す
帆,巾,6,S,NA,ハン、ほ
汎,水,6,S,2010,ハン
伴,人,7,S,NA,ハン、バン、ともな-う
判,刀,7,5,NA,ハン、バン
坂,土,7,3,NA,ハン、さか
阪,阜,7,4,2010,ハン
板,木,8,3,NA,ハン、バン、いた
版,片,8,5,NA,ハン
班,玉,10,6,NA,ハン
畔,田,10,S,NA,ハン
般,舟,10,S,NA,ハン
販,貝,11,S,NA,ハン
斑,文,12,S,2010,ハン
飯,食,12,4,NA,ハン、めし
搬,手,13,S,NA,ハン
煩,火,13,S,NA,ハン、（ボン）、わずら-う、わずら-わす
頒,頁,13,S,NA,ハン
範,竹,15,S,NA,ハン
繁,糸,16,S,NA,ハン
藩,艸,18,S,NA,ハン
晩,日,12,6,NA,バン
番,田,12,2,NA,バン
蛮,虫,12,S,NA,バン
盤,皿,15,S,NA,バン
比,比,4,5,NA,ヒ、くら-べる
皮,皮,5,3,NA,ヒ、かわ
妃,女,6,S,NA,ヒ
否,口,7,6,NA,ヒ、いな
批,手,7,6,NA,ヒ
彼,彳,8,S,NA,ヒ、かれ、（かの）
披,手,8,S,1981,ヒ
肥,肉,8,5,NA,ヒ、こ-える、こえ、こ-やす、こ-やし
非,非,8,5,NA,ヒ
卑,十,9,S,NA,ヒ、いや-しい、いや-しむ、いや-しめる
飛,飛,9,4,NA,ヒ、と-ぶ、と-ばす
疲,疒,10,S,NA,ヒ、つか-れる
秘,示,10,6,NA,ヒ、ひ-める
被,衣,10,S,NA,ヒ、こうむ-る
悲,心,12,3,NA,ヒ、かな-しい、かな-しむ
扉,戶,12,S,1981,ヒ、とびら
費,貝,12,5,NA,ヒ、つい-やす、つい-える
碑,石,14,S,NA,ヒ
罷,网,15,S,NA,ヒ
避,辵,16,S,NA,ヒ、さ-ける
尾,尸,7,S,NA,ビ、お
眉,目,9,S,2010,ビ、（ミ）、まゆ
美,羊,9,3,NA,ビ、うつく-しい
備,人,12,5,NA,ビ、そな-える、そな-わる
微,彳,13,S,NA,ビ
鼻,鼻,14,3,NA,ビ、はな
膝,肉,15,S,2010,ひざ
肘,肉,7,S,2010,ひじ
匹,匸,4,S,NA,ヒツ、ひき
必,心,5,4,NA,ヒツ、かなら-ず
泌,水,8,S,NA,ヒツ、ヒ
筆,竹,12,3,NA,ヒツ、ふで
姫,女,10,S,NA,ひめ
百,白,6,1,NA,ヒャク
氷,水,5,3,NA,ヒョウ、こおり、ひ
表,衣,8,3,NA,ヒョウ、おもて、あらわ-す、あらわ-れる
俵,人,10,6,NA,ヒョウ、たわら
票,示,11,4,NA,ヒョウ
評,言,12,5,NA,ヒョウ
漂,水,14,S,NA,ヒョウ、ただよ-う
標,木,15,4,NA,ヒョウ
苗,艸,8,S,NA,ビョウ、なえ、（なわ）
秒,禾,9,3,NA,ビョウ
病,疒,10,3,NA,ビョウ、（ヘイ）、や-む、やまい
描,手,11,S,NA,ビョウ、えが-く、か-く
猫,犬,11,S,1981,ビョウ、ねこ
品,口,9,3,NA,ヒン、しな
浜,水,10,S,NA,ヒン、はま
貧,貝,11,5,NA,ヒン、ビン、まず-しい
賓,貝,15,S,NA,ヒン
頻,頁,17,S,1981,ヒン
敏,攴,10,S,NA,ビン
瓶,瓦,11,S,1981,ビン
不,一,4,4,NA,フ、ブ
夫,大,4,4,NA,フ、（フウ）、おっと
父,父,4,2,NA,フ、ちち
付,人,5,4,NA,フ、つ-ける、つ-く
布,巾,5,5,NA,フ、ぬの
扶,手,7,S,NA,フ
府,广,8,4,NA,フ
怖,心,8,S,NA,フ、こわ-い
阜,阜,8,4,2010,（フ）[7]
附,阜,8,S,NA,フ
訃,言,9,S,2010,フ
負,貝,9,3,NA,フ、ま-ける、ま-かす、お-う
赴,走,9,S,NA,フ、おもむ-く
浮,水,10,S,NA,フ、う-く、う-かれる、う-かぶ、う-かべる
婦,女,11,5,NA,フ
符,竹,11,S,NA,フ
富,宀,12,4,NA,フ、（フウ）、と-む、とみ
普,日,12,S,NA,フ
腐,肉,14,S,NA,フ、くさ-る、くさ-れる、くさ-らす
敷,攴,15,S,NA,フ、し-く
膚,肉,15,S,NA,フ
賦,貝,15,S,NA,フ
譜,言,19,S,NA,フ
侮,人,8,S,NA,ブ、あなど-る
武,止,8,5,NA,ブ、ム
部,邑,11,3,NA,ブ
舞,舛,15,S,NA,ブ、ま-う、まい
封,寸,9,S,NA,フウ、ホウ
風,風,9,2,NA,フウ、（フ）、かぜ、（かざ）
伏,人,6,S,NA,フク、ふ-せる、ふ-す
服,月,8,3,NA,フク
副,刀,11,4,NA,フク
幅,巾,12,S,NA,フク、はば
復,彳,12,5,NA,フク
福,示,13,3,NA,フク
腹,肉,13,6,NA,フク、はら
複,衣,14,5,NA,フク
覆,襾,18,S,NA,フク、おお-う、くつがえ-す、くつがえ-る
払,手,5,S,NA,フツ、はら-う
沸,水,8,S,NA,フツ、わ-く、わ-かす
仏,人,4,5,NA,ブツ、ほとけ
物,牛,8,3,NA,ブツ、モツ、もの
粉,米,10,5,NA,フン、こ、こな
紛,糸,10,S,NA,フン、まぎ-れる、まぎ-らす、まぎ-らわす、まぎ-らわしい
雰,雨,12,S,1981,フン
噴,口,15,S,NA,フン、ふ-く
墳,土,15,S,NA,フン
憤,心,15,S,NA,フン、いきどお-る
奮,大,16,6,NA,フン、ふる-う
分,刀,4,2,NA,ブン、フン、ブ、わ-ける、わ-かれる、わ-かる、わ-かつ
文,文,4,1,NA,ブン、モン、ふみ
聞,耳,14,2,NA,ブン、モン、き-く、き-こえる
丙,一,5,S,NA,ヘイ
平,干,5,3,NA,ヘイ、ビョウ、たい-ら、ひら
兵,八,7,4,NA,ヘイ、ヒョウ
併,人,8,S,NA,ヘイ、あわ-せる
並,立,8,6,NA,ヘイ、なみ、なら-べる、なら-ぶ、なら-びに
柄,木,9,S,NA,ヘイ、がら、え
陛,阜,10,6,NA,ヘイ
閉,門,11,6,NA,ヘイ、と-じる、と-ざす、し-める、し-まる
塀,土,12,S,1981,ヘイ
幣,巾,15,S,NA,ヘイ
弊,廾,15,S,NA,ヘイ
蔽,艸,15,S,2010,ヘイ
餅,食,15,S,2010,ヘイ、もち
米,米,6,2,NA,ベイ、マイ、こめ
壁,土,16,S,NA,ヘキ、かべ
璧,玉,18,S,2010,ヘキ
癖,疒,18,S,NA,ヘキ、くせ
別,刀,7,4,NA,ベツ、わか-れる
蔑,艸,14,S,2010,ベツ、さげす-む
片,片,4,6,NA,ヘン、かた
辺,辵,5,4,NA,ヘン、あた-り、べ
返,辵,7,3,NA,ヘン、かえ-す、かえ-る
変,言,9,4,NA,ヘン、か-わる、か-える
偏,人,11,S,NA,ヘン、かたよ-る
遍,辵,12,S,NA,ヘン
編,糸,15,5,NA,ヘン、あ-む
弁,廾,5,5,NA,ベン
便,人,9,4,NA,ベン、ビン、たよ-り
勉,力,10,3,NA,ベン
歩,止,8,2,NA,ホ、ブ、（フ）、ある-く、あゆ-む
保,人,9,5,NA,ホ、たも-つ
哺,口,10,S,2010,ホ
捕,手,10,S,NA,ホ、と-らえる、と-らわれる、と-る、つか-まえる、つか-まる
補,衣,12,6,NA,ホ、おぎな-う
舗,舌,15,S,NA,ホ
母,毋,5,2,NA,ボ、はは
募,力,12,S,NA,ボ、つの-る
墓,土,13,5,NA,ボ、はか
慕,心,14,S,NA,ボ、した-う
暮,日,14,6,NA,ボ、く-れる、く-らす
簿,竹,19,S,NA,ボ
方,方,4,2,NA,ホウ、かた
包,勹,5,4,NA,ホウ、つつ-む
芳,艸,7,S,NA,ホウ、かんば-しい
邦,邑,7,S,NA,ホウ
奉,大,8,S,NA,ホウ、（ブ）、たてまつ-る
宝,宀,8,6,NA,ホウ、たから
抱,手,8,S,NA,ホウ、だ-く、いだ-く、かか-える
放,攴,8,3,NA,ホウ、はな-す、はな-つ、はな-れる、ほう-る
法,水,8,4,NA,ホウ、（ハッ）、（ホッ）
泡,水,8,S,1981,ホウ、あわ
胞,肉,9,S,NA,ホウ
俸,人,10,S,1981,ホウ
倣,人,10,S,NA,ホウ、なら-う
峰,山,10,S,NA,ホウ、みね
砲,石,10,S,NA,ホウ
崩,山,11,S,NA,ホウ、くず-れる、くず-す
訪,言,11,6,NA,ホウ、おとず-れる、たず-ねる
報,土,12,5,NA,ホウ、むく-いる
蜂,虫,13,S,2010,ホウ、はち
豊,豆,13,5,NA,ホウ、ゆた-か
飽,食,13,S,NA,ホウ、あ-きる、あ-かす
褒,衣,15,S,1981,ホウ、ほ-める
縫,糸,16,S,NA,ホウ、ぬ-う
亡,亠,3,6,NA,ボウ、（モウ）、な-い
乏,丿,4,S,NA,ボウ、とぼ-しい
忙,心,6,S,NA,ボウ、いそが-しい
坊,土,7,S,NA,ボウ、（ボッ）
妨,女,7,S,NA,ボウ、さまた-げる
忘,心,7,6,NA,ボウ、わす-れる
防,阜,7,5,NA,ボウ、ふせ-ぐ
房,戶,8,S,NA,ボウ、ふさ
肪,肉,8,S,NA,ボウ
某,木,9,S,NA,ボウ
冒,冂,9,S,NA,ボウ、おか-す
剖,刀,10,S,NA,ボウ
紡,糸,10,S,NA,ボウ、つむ-ぐ
望,月,11,4,NA,ボウ、モウ、のぞ-む
傍,人,12,S,NA,ボウ、かたわ-ら
帽,巾,12,S,NA,ボウ
棒,木,12,6,NA,ボウ
貿,貝,12,5,NA,ボウ
貌,豸,14,S,2010,ボウ
暴,日,15,5,NA,ボウ、（バク）、あば-く、あば-れる
膨,肉,16,S,NA,ボウ、ふく-らむ、ふく-れる
謀,言,16,S,NA,ボウ、（ム）、はか-る
頰,頁,16,S,2010,ほお
北,匕,5,2,NA,ホク、きた
木,木,4,1,NA,ボク、モク、き、（こ）
朴,木,6,S,1981,ボク
牧,牛,8,4,NA,ボク、まき
睦,目,13,S,2010,ボク
僕,人,14,S,1981,ボク
墨,土,14,S,NA,ボク、すみ
撲,手,15,S,NA,ボク
没,水,7,S,NA,ボツ
勃,力,9,S,2010,ボツ
堀,土,11,S,1981,ほり
本,木,5,1,NA,ホン、もと
奔,大,8,S,NA,ホン
翻,羽,18,S,NA,ホン、ひるがえ-る、ひるがえ-す
凡,几,3,S,NA,ボン、（ハン）
盆,皿,9,S,NA,ボン
麻,麻,11,S,NA,マ、あさ
摩,手,15,S,NA,マ
磨,石,16,S,1981,マ、みが-く
魔,鬼,21,S,NA,マ
毎,毋,6,2,NA,マイ
妹,女,8,2,NA,マイ、いもうと
枚,木,8,6,NA,マイ
昧,日,9,S,2010,マイ
埋,土,10,S,NA,マイ、う-める、う-まる、う-もれる
幕,巾,13,6,NA,マク、バク
膜,肉,14,S,NA,マク
枕,木,8,S,2010,まくら
又,又,2,S,NA,また
末,木,5,4,NA,マツ、バツ、すえ
抹,手,8,S,1981,マツ
万,艸,3,2,NA,マン、バン
満,水,12,4,NA,マン、み-ちる、み-たす
慢,心,14,S,NA,マン
漫,水,14,S,NA,マン
未,木,5,4,NA,ミ
味,口,8,3,NA,ミ、あじ、あじ-わう
魅,鬼,15,S,NA,ミ
岬,山,8,S,1981,みさき
密,宀,11,6,NA,ミツ
蜜,虫,14,S,2010,ミツ
脈,肉,10,5,NA,ミャク
妙,女,7,S,NA,ミョウ
民,氏,5,4,NA,ミン、たみ
眠,目,10,S,NA,ミン、ねむ-る、ねむ-い
矛,矛,5,S,NA,ム、ほこ
務,力,11,5,NA,ム、つと-める、つと-まる
無,火,12,4,NA,ム、ブ、な-い
夢,夕,13,5,NA,ム、ゆめ
霧,雨,19,S,NA,ム、きり
娘,女,10,S,NA,むすめ
名,口,6,1,NA,メイ、ミョウ、な
命,口,8,3,NA,メイ、ミョウ、いのち
明,日,8,2,NA,メイ、ミョウ、あ-かり、あか-るい、あか-るむ、あか-らむ、あき-らか、あ-ける、あ-く、あ-くる、あ-かす
迷,辵,9,5,NA,メイ、まよ-う
冥,冖,10,S,2010,メイ、ミョウ
盟,皿,13,6,NA,メイ
銘,金,14,S,NA,メイ
鳴,鳥,14,2,NA,メイ、な-く、な-る、な-らす
滅,水,13,S,NA,メツ、ほろ-びる、ほろ-ぼす
免,儿,8,S,NA,メン、まぬか-れる
面,面,9,3,NA,メン、おも、おもて、つら
綿,糸,14,5,NA,メン、わた
麺,麥,16,S,2010,メン
茂,艸,8,S,NA,モ、しげ-る
模,木,14,6,NA,モ、ボ
毛,毛,4,2,NA,モウ、け
妄,女,6,S,1981,モウ、ボウ
盲,目,8,S,NA,モウ
耗,耒,10,S,NA,モウ、（コウ）
猛,犬,11,S,NA,モウ
網,糸,14,S,NA,モウ、あみ
目,目,5,1,NA,モク、（ボク）、め、（ま）
黙,黑,15,S,NA,モク、だま-る
門,門,8,2,NA,モン、かど
紋,糸,10,S,NA,モン
問,口,11,3,NA,モン、と-う、と-い、（とん）
冶,冫,7,S,2010,ヤ
夜,夕,8,2,NA,ヤ、よ、よる
野,里,11,2,NA,ヤ、の
弥,弓,8,S,2010,や
厄,厂,4,S,1981,ヤク
役,彳,7,3,NA,ヤク、エキ
約,糸,9,4,NA,ヤク
訳,言,11,6,NA,ヤク、わけ
薬,艸,16,3,NA,ヤク、くすり
躍,足,21,S,NA,ヤク、おど-る
闇,門,17,S,2010,やみ
由,田,5,3,NA,ユ、ユウ、（ユイ）、よし
油,水,8,3,NA,ユ、あぶら
喩,口,12,S,2010,ユ
愉,心,12,S,NA,ユ
諭,言,16,S,NA,ユ、さと-す
輸,車,16,5,NA,ユ
癒,疒,18,S,1981,ユ、い-える、い-やす
唯,口,11,S,NA,ユイ、（イ）
友,又,4,2,NA,ユウ、とも
有,月,6,3,NA,ユウ、ウ、あ-る
勇,力,9,4,NA,ユウ、いさ-む
幽,幺,9,S,NA,ユウ
悠,心,11,S,1981,ユウ
郵,邑,11,6,NA,ユウ
湧,水,12,S,2010,ユウ、わ-く
猶,犬,12,S,NA,ユウ
裕,衣,12,S,NA,ユウ
遊,辵,12,3,NA,ユウ、（ユ）、あそ-ぶ
雄,隹,12,S,NA,ユウ、お、おす
誘,言,14,S,NA,ユウ、さそ-う
憂,心,15,S,NA,ユウ、うれ-える、うれ-い、う-い
融,虫,16,S,NA,ユウ
優,人,17,6,NA,ユウ、やさ-しい、すぐ-れる
与,臼,3,S,NA,ヨ、あた-える
予,亅,4,3,NA,ヨ
余,人,7,5,NA,ヨ、あま-る、あま-す
誉,言,13,S,NA,ヨ、ほま-れ
預,頁,13,6,NA,ヨ、あず-ける、あず-かる
幼,幺,5,6,NA,ヨウ、おさな-い
用,用,5,2,NA,ヨウ、もち-いる
羊,羊,6,3,NA,ヨウ、ひつじ
妖,女,7,S,2010,ヨウ、あや-しい
洋,水,9,3,NA,ヨウ
要,襾,9,4,NA,ヨウ、かなめ、い-る
容,宀,10,5,NA,ヨウ
庸,广,11,S,NA,ヨウ
揚,手,12,S,NA,ヨウ、あ-げる、あ-がる
揺,手,12,S,NA,ヨウ、ゆ-れる、ゆ-る、ゆ-らぐ、ゆ-るぐ、ゆ-する、ゆ-さぶる、ゆ-すぶる
葉,艸,12,3,NA,ヨウ、は
陽,阜,12,3,NA,ヨウ
溶,水,13,S,NA,ヨウ、と-ける、と-かす、と-く
腰,肉,13,S,NA,ヨウ、こし
様,木,14,3,NA,ヨウ、さま
瘍,疒,14,S,2010,ヨウ
踊,足,14,S,NA,ヨウ、おど-る、おど-り
窯,穴,15,S,NA,ヨウ、かま
養,食,15,4,NA,ヨウ、やしな-う
擁,手,16,S,NA,ヨウ
謡,言,16,S,NA,ヨウ、うたい、うた-う
曜,日,18,2,NA,ヨウ
抑,手,7,S,NA,ヨク、おさ-える
沃,水,7,S,2010,ヨク
浴,水,10,4,NA,ヨク、あ-びる、あ-びせる
欲,欠,11,6,NA,ヨク、ほっ-する、ほ-しい
翌,羽,11,6,NA,ヨク
翼,羽,17,S,NA,ヨク、つばさ
拉,手,8,S,2010,ラ
裸,衣,13,S,NA,ラ、はだか
羅,网,19,S,1981,ラ
来,人,7,2,NA,ライ、く-る、きた-る、きた-す
雷,雨,13,S,NA,ライ、かみなり
頼,貝,16,S,NA,ライ、たの-む、たの-もしい、たよ-る
絡,糸,12,S,NA,ラク、から-む、から-まる、から-める
落,艸,12,3,NA,ラク、お-ちる、お-とす
酪,酉,13,S,NA,ラク
辣,辛,14,S,2010,ラツ
乱,乙,7,6,NA,ラン、みだ-れる、みだ-す
卵,卩,7,6,NA,ラン、たまご
覧,見,17,6,NA,ラン
濫,水,18,S,NA,ラン
藍,艸,18,S,2010,ラン、あい
欄,木,20,S,NA,ラン
吏,口,6,S,NA,リ
利,刀,7,4,NA,リ、き-く
里,里,7,2,NA,リ、さと
理,玉,11,2,NA,リ
痢,疒,12,S,NA,リ
裏,衣,13,6,NA,リ、うら
履,尸,15,S,NA,リ、は-く
璃,玉,15,S,2010,リ
離,隹,19,S,NA,リ、はな-れる、はな-す
陸,阜,11,4,NA,リク
立,立,5,1,NA,リツ、（リュウ）、た-つ、た-てる
律,彳,9,6,NA,リツ、（リチ）
慄,心,13,S,2010,リツ
略,田,11,5,NA,リャク
柳,木,9,S,NA,リュウ、やなぎ
流,水,10,3,NA,リュウ、（ル）、なが-れる、なが-す
留,田,10,5,NA,リュウ、（ル）、と-める、と-まる
竜,龍,10,S,1981,リュウ、たつ
粒,米,11,S,NA,リュウ、つぶ
隆,阜,11,S,NA,リュウ
硫,石,12,S,NA,リュウ
侶,人,9,S,2010,リョ
旅,方,10,3,NA,リョ、たび
虜,虍,13,S,NA,リョ
慮,心,15,S,NA,リョ
了,亅,2,S,NA,リョウ
両,入,6,3,NA,リョウ
良,艮,7,4,NA,リョウ、よ-い
料,斗,10,4,NA,リョウ
涼,水,11,S,NA,リョウ、すず-しい、すず-む
猟,犬,11,S,NA,リョウ
陵,阜,11,S,NA,リョウ、みささぎ
量,里,12,4,NA,リョウ、はか-る
僚,人,14,S,NA,リョウ
領,頁,14,5,NA,リョウ
寮,宀,15,S,NA,リョウ
療,疒,17,S,NA,リョウ
瞭,目,17,S,2010,リョウ
糧,米,18,S,NA,リョウ、（ロウ）、かて
力,力,2,1,NA,リョク、リキ、ちから
緑,糸,14,3,NA,リョク、（ロク）、みどり
林,木,8,1,NA,リン、はやし
厘,厂,9,S,NA,リン
倫,人,10,S,NA,リン
輪,車,15,4,NA,リン、わ
隣,阜,16,S,NA,リン、とな-る、となり
臨,臣,18,6,NA,リン、のぞ-む
瑠,玉,14,S,2010,ル
涙,水,10,S,NA,ルイ、なみだ
累,糸,11,S,NA,ルイ
塁,土,12,S,NA,ルイ
類,頁,18,4,NA,ルイ、たぐ-い
令,人,5,4,NA,レイ
礼,示,5,3,NA,レイ、ライ
冷,冫,7,4,NA,レイ、つめ-たい、ひ-える、ひ-や、ひ-やす、ひ-やかす、さ-める、さ-ます
励,力,7,S,NA,レイ、はげ-む、はげ-ます
戻,戶,7,S,1981,レイ、もど-す、もど-る
例,人,8,4,NA,レイ、たと-える
鈴,金,13,S,NA,レイ、リン、すず
零,雨,13,S,NA,レイ
霊,雨,15,S,NA,レイ、リョウ、たま
隷,隶,16,S,NA,レイ
齢,齒,17,S,NA,レイ
麗,鹿,19,S,NA,レイ、うるわ-しい
暦,日,14,S,NA,レキ、こよみ
歴,止,14,5,NA,レキ
列,刀,6,3,NA,レツ
劣,力,6,S,NA,レツ、おと-る
烈,火,10,S,NA,レツ
裂,衣,12,S,NA,レツ、さ-く、さ-ける
恋,心,10,S,NA,レン、こ-う、こい、こい-しい
連,辵,10,4,NA,レン、つら-なる、つら-ねる、つ-れる
廉,广,13,S,NA,レン
練,糸,14,3,NA,レン、ね-る
錬,金,16,S,NA,レン
呂,口,7,S,2010,ロ
炉,火,8,S,NA,ロ
賂,貝,13,S,2010,ロ
路,足,13,3,NA,ロ、じ
露,雨,21,S,NA,ロ、（ロウ）、つゆ
老,老,6,4,NA,ロウ、お-いる、ふ-ける
労,力,7,4,NA,ロウ
弄,廾,7,S,2010,ロウ、もてあそ-ぶ
郎,邑,9,S,NA,ロウ
朗,月,10,6,NA,ロウ、ほが-らか
浪,水,10,S,NA,ロウ
廊,广,12,S,NA,ロウ
楼,木,13,S,NA,ロウ
漏,水,14,S,NA,ロウ、も-る、も-れる、も-らす
籠,竹,22,S,2010,ロウ、かご、こ-もる
六,八,4,1,NA,ロク、む、む-つ、むっ-つ、（むい）
録,金,16,4,NA,ロク
麓,鹿,19,S,2010,ロク、ふもと
論,言,15,6,NA,ロン
和,口,8,3,NA,ワ、（オ）、やわ-らぐ、やわ-らげる、なご-む、なご-やか
話,言,13,2,NA,ワ、はな-す、はなし
賄,貝,13,S,NA,ワイ、まかな-う
脇,肉,10,S,2010,わき
惑,心,12,S,NA,ワク、まど-う
枠,木,8,S,1981,わく
湾,水,12,S,NA,ワン
腕,肉,12,S,NA,ワン、うで
唖,NA,NA,jun1kyu,NA,NA
葵,NA,NA,jun1kyu,NA,NA
葦,NA,NA,jun1kyu,NA,NA
虻,NA,NA,jun1kyu,NA,NA
或,NA,NA,jun1kyu,NA,NA
鞍,NA,NA,jun1kyu,NA,NA
謂,NA,NA,jun1kyu,NA,NA
鰯,NA,NA,jun1kyu,NA,NA
烏,NA,NA,jun1kyu,NA,NA
丑,NA,NA,jun1kyu,NA,NA
姥,NA,NA,jun1kyu,NA,NA
云,NA,NA,jun1kyu,NA,NA
洩,NA,NA,jun1kyu,NA,NA
榎,NA,NA,jun1kyu,NA,NA
焔,NA,NA,jun1kyu,NA,NA
於,NA,NA,jun1kyu,NA,NA
荻,NA,NA,jun1kyu,NA,NA
珂,NA,NA,jun1kyu,NA,NA
迦,NA,NA,jun1kyu,NA,NA
蛾,NA,NA,jun1kyu,NA,NA
晦,NA,NA,jun1kyu,NA,NA
碍,NA,NA,jun1kyu,NA,NA
蛎,NA,NA,jun1kyu,NA,NA
赫,NA,NA,jun1kyu,NA,NA
鰍,NA,NA,jun1kyu,NA,NA
樺,NA,NA,jun1kyu,NA,NA
噛,NA,NA,jun1kyu,NA,NA
苅,NA,NA,jun1kyu,NA,NA
澗,NA,NA,jun1kyu,NA,NA
諌,NA,NA,jun1kyu,NA,NA
贋,NA,NA,jun1kyu,NA,NA
徽,NA,NA,jun1kyu,NA,NA
掬,NA,NA,jun1kyu,NA,NA
砧,NA,NA,jun1kyu,NA,NA
灸,NA,NA,jun1kyu,NA,NA
亨,NA,NA,jun1kyu,NA,NA
卿,NA,NA,jun1kyu,NA,NA
饗,NA,NA,jun1kyu,NA,NA
欽,NA,NA,jun1kyu,NA,NA
狗,NA,NA,jun1kyu,NA,NA
喰,NA,NA,jun1kyu,NA,NA
沓,NA,NA,jun1kyu,NA,NA
栗,NA,NA,jun1kyu,NA,NA
圭,NA,NA,jun1kyu,NA,NA
繋,NA,NA,jun1kyu,NA,NA
訣,NA,NA,jun1kyu,NA,NA
硯,NA,NA,jun1kyu,NA,NA
姑,NA,NA,jun1kyu,NA,NA
菰,NA,NA,jun1kyu,NA,NA
梧,NA,NA,jun1kyu,NA,NA
佼,NA,NA,jun1kyu,NA,NA
庚,NA,NA,jun1kyu,NA,NA
浩,NA,NA,jun1kyu,NA,NA
膏,NA,NA,jun1kyu,NA,NA
壕,NA,NA,jun1kyu,NA,NA
漉,NA,NA,jun1kyu,NA,NA
此,NA,NA,jun1kyu,NA,NA
些,NA,NA,jun1kyu,NA,NA
坐,NA,NA,jun1kyu,NA,NA
堺,NA,NA,jun1kyu,NA,NA
窄,NA,NA,jun1kyu,NA,NA
皐,NA,NA,jun1kyu,NA,NA
晒,NA,NA,jun1kyu,NA,NA
讃,NA,NA,jun1kyu,NA,NA
斯,NA,NA,jun1kyu,NA,NA
蒔,NA,NA,jun1kyu,NA,NA
雫,NA,NA,jun1kyu,NA,NA
柴,NA,NA,jun1kyu,NA,NA
勺,NA,NA,jun1kyu,NA,NA
綬,NA,NA,jun1kyu,NA,NA
酋,NA,NA,jun1kyu,NA,NA
竣,NA,NA,jun1kyu,NA,NA
醇,NA,NA,jun1kyu,NA,NA
恕,NA,NA,jun1kyu,NA,NA
娼,NA,NA,jun1kyu,NA,NA
梢,NA,NA,jun1kyu,NA,NA
蒋,NA,NA,jun1kyu,NA,NA
鍾,NA,NA,jun1kyu,NA,NA
穣,NA,NA,jun1kyu,NA,NA
榛,NA,NA,jun1kyu,NA,NA
訊,NA,NA,jun1kyu,NA,NA
逗,NA,NA,jun1kyu,NA,NA
嵩,NA,NA,jun1kyu,NA,NA
頗,NA,NA,jun1kyu,NA,NA
脆,NA,NA,jun1kyu,NA,NA
撰,NA,NA,jun1kyu,NA,NA
舛,NA,NA,jun1kyu,NA,NA
噌,NA,NA,jun1kyu,NA,NA
鼠,NA,NA,jun1kyu,NA,NA
掻,NA,NA,jun1kyu,NA,NA
聡,NA,NA,jun1kyu,NA,NA
詑,NA,NA,jun1kyu,NA,NA
騨,NA,NA,jun1kyu,NA,NA
鯛,NA,NA,jun1kyu,NA,NA
琢,NA,NA,jun1kyu,NA,NA
只,NA,NA,jun1kyu,NA,NA
辿,NA,NA,jun1kyu,NA,NA
歎,NA,NA,jun1kyu,NA,NA
檀,NA,NA,jun1kyu,NA,NA
筑,NA,NA,jun1kyu,NA,NA
苧,NA,NA,jun1kyu,NA,NA
暢,NA,NA,jun1kyu,NA,NA
銚,NA,NA,jun1kyu,NA,NA
槻,NA,NA,jun1kyu,NA,NA
綴,NA,NA,jun1kyu,NA,NA
紬,NA,NA,jun1kyu,NA,NA
梯,NA,NA,jun1kyu,NA,NA
鄭,NA,NA,jun1kyu,NA,NA
轍,NA,NA,jun1kyu,NA,NA
兎,NA,NA,jun1kyu,NA,NA
砥,NA,NA,jun1kyu,NA,NA
嶋,NA,NA,jun1kyu,NA,NA
董,NA,NA,jun1kyu,NA,NA
鴇,NA,NA,jun1kyu,NA,NA
鳶,NA,NA,jun1kyu,NA,NA
噸,NA,NA,jun1kyu,NA,NA
呑,NA,NA,jun1kyu,NA,NA
捺,NA,NA,jun1kyu,NA,NA
汝,NA,NA,jun1kyu,NA,NA
禰,NA,NA,jun1kyu,NA,NA
廼,NA,NA,jun1kyu,NA,NA
覗,NA,NA,jun1kyu,NA,NA
琶,NA,NA,jun1kyu,NA,NA
煤,NA,NA,jun1kyu,NA,NA
矧,NA,NA,jun1kyu,NA,NA
曝,NA,NA,jun1kyu,NA,NA
肇,NA,NA,jun1kyu,NA,NA
醗,NA,NA,jun1kyu,NA,NA
蛤,NA,NA,jun1kyu,NA,NA
蕃,NA,NA,jun1kyu,NA,NA
誹,NA,NA,jun1kyu,NA,NA
琵,NA,NA,jun1kyu,NA,NA
彦,NA,NA,jun1kyu,NA,NA
桧,NA,NA,jun1kyu,NA,NA
豹,NA,NA,jun1kyu,NA,NA
蛭,NA,NA,jun1kyu,NA,NA
埠,NA,NA,jun1kyu,NA,NA
蕪,NA,NA,jun1kyu,NA,NA
弗,NA,NA,jun1kyu,NA,NA
糞,NA,NA,jun1kyu,NA,NA
箆,NA,NA,jun1kyu,NA,NA
圃,NA,NA,jun1kyu,NA,NA
呆,NA,NA,jun1kyu,NA,NA
烹,NA,NA,jun1kyu,NA,NA
鵬,NA,NA,jun1kyu,NA,NA
釦,NA,NA,jun1kyu,NA,NA
鮪,NA,NA,jun1kyu,NA,NA
沫,NA,NA,jun1kyu,NA,NA
箕,NA,NA,jun1kyu,NA,NA
牟,NA,NA,jun1kyu,NA,NA
棉,NA,NA,jun1kyu,NA,NA
儲,NA,NA,jun1kyu,NA,NA
貰,NA,NA,jun1kyu,NA,NA
耶,NA,NA,jun1kyu,NA,NA
佑,NA,NA,jun1kyu,NA,NA
猷,NA,NA,jun1kyu,NA,NA
楊,NA,NA,jun1kyu,NA,NA
慾,NA,NA,jun1kyu,NA,NA
蘭,NA,NA,jun1kyu,NA,NA
劉,NA,NA,jun1kyu,NA,NA
梁,NA,NA,jun1kyu,NA,NA
燐,NA,NA,jun1kyu,NA,NA
嶺,NA,NA,jun1kyu,NA,NA
漣,NA,NA,jun1kyu,NA,NA
魯,NA,NA,jun1kyu,NA,NA
篭,NA,NA,jun1kyu,NA,NA
倭,NA,NA,jun1kyu,NA,NA
鰐,NA,NA,jun1kyu,NA,NA
碗,NA,NA,jun1kyu,NA,NA
厰,NA,NA,jun1kyu,NA,NA
嵳,NA,NA,jun1kyu,NA,NA
檜,NA,NA,jun1kyu,NA,NA
溯,NA,NA,jun1kyu,NA,NA
礦,NA,NA,jun1kyu,NA,NA
纒,NA,NA,jun1kyu,NA,NA
萠,NA,NA,jun1kyu,NA,NA
蠣,NA,NA,jun1kyu,NA,NA
讚,NA,NA,jun1kyu,NA,NA
鎔,NA,NA,jun1kyu,NA,NA
鰺,NA,NA,jun1kyu,NA,NA
麒,NA,NA,jun1kyu,NA,NA
吞,NA,NA,jun1kyu,NA,NA
囊,NA,NA,jun1kyu,NA,NA
毗,NA,NA,jun1kyu,NA,NA
禱,NA,NA,jun1kyu,NA,NA
萊,NA,NA,jun1kyu,NA,NA
蠟,NA,NA,jun1kyu,NA,NA
驒,NA,NA,jun1kyu,NA,NA
娃,NA,NA,jun1kyu,NA,NA
茜,NA,NA,jun1kyu,NA,NA
鯵,NA,NA,jun1kyu,NA,NA
飴,NA,NA,jun1kyu,NA,NA
粟,NA,NA,jun1kyu,NA,NA
杏,NA,NA,jun1kyu,NA,NA
亥,NA,NA,jun1kyu,NA,NA
允,NA,NA,jun1kyu,NA,NA
迂,NA,NA,jun1kyu,NA,NA
碓,NA,NA,jun1kyu,NA,NA
厩,NA,NA,jun1kyu,NA,NA
荏,NA,NA,jun1kyu,NA,NA
瑛,NA,NA,jun1kyu,NA,NA
厭,NA,NA,jun1kyu,NA,NA
燕,NA,NA,jun1kyu,NA,NA
甥,NA,NA,jun1kyu,NA,NA
桶,NA,NA,jun1kyu,NA,NA
禾,NA,NA,jun1kyu,NA,NA
霞,NA,NA,jun1kyu,NA,NA
駕,NA,NA,jun1kyu,NA,NA
芥,NA,NA,jun1kyu,NA,NA
鎧,NA,NA,jun1kyu,NA,NA
鈎,NA,NA,jun1kyu,NA,NA
笠,NA,NA,jun1kyu,NA,NA
恰,NA,NA,jun1kyu,NA,NA
鞄,NA,NA,jun1kyu,NA,NA
鴨,NA,NA,jun1kyu,NA,NA
侃,NA,NA,jun1kyu,NA,NA
潅,NA,NA,jun1kyu,NA,NA
舘,NA,NA,jun1kyu,NA,NA
雁,NA,NA,jun1kyu,NA,NA
妓,NA,NA,jun1kyu,NA,NA
鞠,NA,NA,jun1kyu,NA,NA
杵,NA,NA,jun1kyu,NA,NA
笈,NA,NA,jun1kyu,NA,NA
侠,NA,NA,jun1kyu,NA,NA
喬,NA,NA,jun1kyu,NA,NA
尭,NA,NA,jun1kyu,NA,NA
禽,NA,NA,jun1kyu,NA,NA
玖,NA,NA,jun1kyu,NA,NA
寓,NA,NA,jun1kyu,NA,NA
轡,NA,NA,jun1kyu,NA,NA
鍬,NA,NA,jun1kyu,NA,NA
珪,NA,NA,jun1kyu,NA,NA
罫,NA,NA,jun1kyu,NA,NA
倦,NA,NA,jun1kyu,NA,NA
鹸,NA,NA,jun1kyu,NA,NA
狐,NA,NA,jun1kyu,NA,NA
跨,NA,NA,jun1kyu,NA,NA
檎,NA,NA,jun1kyu,NA,NA
倖,NA,NA,jun1kyu,NA,NA
弘,NA,NA,jun1kyu,NA,NA
糠,NA,NA,jun1kyu,NA,NA
砿,NA,NA,jun1kyu,NA,NA
濠,NA,NA,jun1kyu,NA,NA
甑,NA,NA,jun1kyu,NA,NA
坤,NA,NA,jun1kyu,NA,NA
叉,NA,NA,jun1kyu,NA,NA
哉,NA,NA,jun1kyu,NA,NA
榊,NA,NA,jun1kyu,NA,NA
鮭,NA,NA,jun1kyu,NA,NA
鯖,NA,NA,jun1kyu,NA,NA
撒,NA,NA,jun1kyu,NA,NA
餐,NA,NA,jun1kyu,NA,NA
獅,NA,NA,jun1kyu,NA,NA
汐,NA,NA,jun1kyu,NA,NA
悉,NA,NA,jun1kyu,NA,NA
屡,NA,NA,jun1kyu,NA,NA
杓,NA,NA,jun1kyu,NA,NA
洲,NA,NA,jun1kyu,NA,NA
什,NA,NA,jun1kyu,NA,NA
舜,NA,NA,jun1kyu,NA,NA
曙,NA,NA,jun1kyu,NA,NA
鋤,NA,NA,jun1kyu,NA,NA
庄,NA,NA,jun1kyu,NA,NA
樟,NA,NA,jun1kyu,NA,NA
蕉,NA,NA,jun1kyu,NA,NA
鞘,NA,NA,jun1kyu,NA,NA
埴,NA,NA,jun1kyu,NA,NA
疹,NA,NA,jun1kyu,NA,NA
靭,NA,NA,jun1kyu,NA,NA
翠,NA,NA,jun1kyu,NA,NA
趨,NA,NA,jun1kyu,NA,NA
雀,NA,NA,jun1kyu,NA,NA
蹟,NA,NA,jun1kyu,NA,NA
栴,NA,NA,jun1kyu,NA,NA
賎,NA,NA,jun1kyu,NA,NA
岨,NA,NA,jun1kyu,NA,NA
叢,NA,NA,jun1kyu,NA,NA
槍,NA,NA,jun1kyu,NA,NA
蒼,NA,NA,jun1kyu,NA,NA
柁,NA,NA,jun1kyu,NA,NA
岱,NA,NA,jun1kyu,NA,NA
醍,NA,NA,jun1kyu,NA,NA
鐸,NA,NA,jun1kyu,NA,NA
叩,NA,NA,jun1kyu,NA,NA
狸,NA,NA,jun1kyu,NA,NA
湛,NA,NA,jun1kyu,NA,NA
弛,NA,NA,jun1kyu,NA,NA
註,NA,NA,jun1kyu,NA,NA
凋,NA,NA,jun1kyu,NA,NA
牒,NA,NA,jun1kyu,NA,NA
槌,NA,NA,jun1kyu,NA,NA
佃,NA,NA,jun1kyu,NA,NA
鍔,NA,NA,jun1kyu,NA,NA
吊,NA,NA,jun1kyu,NA,NA
汀,NA,NA,jun1kyu,NA,NA
釘,NA,NA,jun1kyu,NA,NA
纏,NA,NA,jun1kyu,NA,NA
堵,NA,NA,jun1kyu,NA,NA
砺,NA,NA,jun1kyu,NA,NA
梼,NA,NA,jun1kyu,NA,NA
蕩,NA,NA,jun1kyu,NA,NA
涜,NA,NA,jun1kyu,NA,NA
苫,NA,NA,jun1kyu,NA,NA
惇,NA,NA,jun1kyu,NA,NA
乍,NA,NA,jun1kyu,NA,NA
楢,NA,NA,jun1kyu,NA,NA
賑,NA,NA,jun1kyu,NA,NA
祢,NA,NA,jun1kyu,NA,NA
之,NA,NA,jun1kyu,NA,NA
蚤,NA,NA,jun1kyu,NA,NA
芭,NA,NA,jun1kyu,NA,NA
狽,NA,NA,jun1kyu,NA,NA
萩,NA,NA,jun1kyu,NA,NA
莫,NA,NA,jun1kyu,NA,NA
筈,NA,NA,jun1kyu,NA,NA
筏,NA,NA,jun1kyu,NA,NA
隼,NA,NA,jun1kyu,NA,NA
匪,NA,NA,jun1kyu,NA,NA
樋,NA,NA,jun1kyu,NA,NA
柊,NA,NA,jun1kyu,NA,NA
菱,NA,NA,jun1kyu,NA,NA
紐,NA,NA,jun1kyu,NA,NA
廟,NA,NA,jun1kyu,NA,NA
鰭,NA,NA,jun1kyu,NA,NA
斧,NA,NA,jun1kyu,NA,NA
楓,NA,NA,jun1kyu,NA,NA
鮒,NA,NA,jun1kyu,NA,NA
頁,NA,NA,jun1kyu,NA,NA
篇,NA,NA,jun1kyu,NA,NA
甫,NA,NA,jun1kyu,NA,NA
峯,NA,NA,jun1kyu,NA,NA
萌,NA,NA,jun1kyu,NA,NA
鉾,NA,NA,jun1kyu,NA,NA
殆,NA,NA,jun1kyu,NA,NA
柾,NA,NA,jun1kyu,NA,NA
迄,NA,NA,jun1kyu,NA,NA
湊,NA,NA,jun1kyu,NA,NA
鵡,NA,NA,jun1kyu,NA,NA
緬,NA,NA,jun1kyu,NA,NA
杢,NA,NA,jun1kyu,NA,NA
悶,NA,NA,jun1kyu,NA,NA
靖,NA,NA,jun1kyu,NA,NA
宥,NA,NA,jun1kyu,NA,NA
祐,NA,NA,jun1kyu,NA,NA
熔,NA,NA,jun1kyu,NA,NA
淀,NA,NA,jun1kyu,NA,NA
李,NA,NA,jun1kyu,NA,NA
溜,NA,NA,jun1kyu,NA,NA
稜,NA,NA,jun1kyu,NA,NA
琳,NA,NA,jun1kyu,NA,NA
怜,NA,NA,jun1kyu,NA,NA
煉,NA,NA,jun1kyu,NA,NA
櫓,NA,NA,jun1kyu,NA,NA
聾,NA,NA,jun1kyu,NA,NA
歪,NA,NA,jun1kyu,NA,NA
詫,NA,NA,jun1kyu,NA,NA
儘,NA,NA,jun1kyu,NA,NA
咒,NA,NA,jun1kyu,NA,NA
廐,NA,NA,jun1kyu,NA,NA
檮,NA,NA,jun1kyu,NA,NA
漑,NA,NA,jun1kyu,NA,NA
礪,NA,NA,jun1kyu,NA,NA
翆,NA,NA,jun1kyu,NA,NA
葢,NA,NA,jun1kyu,NA,NA
蛛,NA,NA,jun1kyu,NA,NA
豎,NA,NA,jun1kyu,NA,NA
靱,NA,NA,jun1kyu,NA,NA
鴈,NA,NA,jun1kyu,NA,NA
麪,NA,NA,jun1kyu,NA,NA
啐,NA,NA,jun1kyu,NA,NA
屢,NA,NA,jun1kyu,NA,NA
潑,NA,NA,jun1kyu,NA,NA
簞,NA,NA,jun1kyu,NA,NA
蔣,NA,NA,jun1kyu,NA,NA
軀,NA,NA,jun1kyu,NA,NA
鷗,NA,NA,jun1kyu,NA,NA
阿,NA,NA,jun1kyu,NA,NA
穐,NA,NA,jun1kyu,NA,NA
梓,NA,NA,jun1kyu,NA,NA
絢,NA,NA,jun1kyu,NA,NA
袷,NA,NA,jun1kyu,NA,NA
伊,NA,NA,jun1kyu,NA,NA
郁,NA,NA,jun1kyu,NA,NA
胤,NA,NA,jun1kyu,NA,NA
卯,NA,NA,jun1kyu,NA,NA
嘘,NA,NA,jun1kyu,NA,NA
瓜,NA,NA,jun1kyu,NA,NA
叡,NA,NA,jun1kyu,NA,NA
盈,NA,NA,jun1kyu,NA,NA
堰,NA,NA,jun1kyu,NA,NA
苑,NA,NA,jun1kyu,NA,NA
襖,NA,NA,jun1kyu,NA,NA
牡,NA,NA,jun1kyu,NA,NA
茄,NA,NA,jun1kyu,NA,NA
俄,NA,NA,jun1kyu,NA,NA
廻,NA,NA,jun1kyu,NA,NA
蟹,NA,NA,jun1kyu,NA,NA
浬,NA,NA,jun1kyu,NA,NA
劃,NA,NA,jun1kyu,NA,NA
樫,NA,NA,jun1kyu,NA,NA
鰹,NA,NA,jun1kyu,NA,NA
兜,NA,NA,jun1kyu,NA,NA
茅,NA,NA,jun1kyu,NA,NA
姦,NA,NA,jun1kyu,NA,NA
竿,NA,NA,jun1kyu,NA,NA
巌,NA,NA,jun1kyu,NA,NA
嬉,NA,NA,jun1kyu,NA,NA
祇,NA,NA,jun1kyu,NA,NA
吃,NA,NA,jun1kyu,NA,NA
黍,NA,NA,jun1kyu,NA,NA
渠,NA,NA,jun1kyu,NA,NA
僑,NA,NA,jun1kyu,NA,NA
彊,NA,NA,jun1kyu,NA,NA
桐,NA,NA,jun1kyu,NA,NA
芹,NA,NA,jun1kyu,NA,NA
矩,NA,NA,jun1kyu,NA,NA
櫛,NA,NA,jun1kyu,NA,NA
窪,NA,NA,jun1kyu,NA,NA
卦,NA,NA,jun1kyu,NA,NA
慧,NA,NA,jun1kyu,NA,NA
荊,NA,NA,jun1kyu,NA,NA
喧,NA,NA,jun1kyu,NA,NA
絃,NA,NA,jun1kyu,NA,NA
糊,NA,NA,jun1kyu,NA,NA
鈷,NA,NA,jun1kyu,NA,NA
瑚,NA,NA,jun1kyu,NA,NA
垢,NA,NA,jun1kyu,NA,NA
昂,NA,NA,jun1kyu,NA,NA
紘,NA,NA,jun1kyu,NA,NA
閤,NA,NA,jun1kyu,NA,NA
轟,NA,NA,jun1kyu,NA,NA
忽,NA,NA,jun1kyu,NA,NA
昏,NA,NA,jun1kyu,NA,NA
嵯,NA,NA,jun1kyu,NA,NA
犀,NA,NA,jun1kyu,NA,NA
肴,NA,NA,jun1kyu,NA,NA
笹,NA,NA,jun1kyu,NA,NA
捌,NA,NA,jun1kyu,NA,NA
燦,NA,NA,jun1kyu,NA,NA
仔,NA,NA,jun1kyu,NA,NA
爾,NA,NA,jun1kyu,NA,NA
鴫,NA,NA,jun1kyu,NA,NA
蔀,NA,NA,jun1kyu,NA,NA
蕊,NA,NA,jun1kyu,NA,NA
灼,NA,NA,jun1kyu,NA,NA
繍,NA,NA,jun1kyu,NA,NA
戎,NA,NA,jun1kyu,NA,NA
駿,NA,NA,jun1kyu,NA,NA
渚,NA,NA,jun1kyu,NA,NA
哨,NA,NA,jun1kyu,NA,NA
廠,NA,NA,jun1kyu,NA,NA
樵,NA,NA,jun1kyu,NA,NA
裳,NA,NA,jun1kyu,NA,NA
丞,NA,NA,jun1kyu,NA,NA
燭,NA,NA,jun1kyu,NA,NA
秦,NA,NA,jun1kyu,NA,NA
笥,NA,NA,jun1kyu,NA,NA
錐,NA,NA,jun1kyu,NA,NA
雛,NA,NA,jun1kyu,NA,NA
摺,NA,NA,jun1kyu,NA,NA
碩,NA,NA,jun1kyu,NA,NA
煽,NA,NA,jun1kyu,NA,NA
銑,NA,NA,jun1kyu,NA,NA
楚,NA,NA,jun1kyu,NA,NA
宋,NA,NA,jun1kyu,NA,NA
漕,NA,NA,jun1kyu,NA,NA
鎗,NA,NA,jun1kyu,NA,NA
舵,NA,NA,jun1kyu,NA,NA
腿,NA,NA,jun1kyu,NA,NA
鷹,NA,NA,jun1kyu,NA,NA
茸,NA,NA,jun1kyu,NA,NA
辰,NA,NA,jun1kyu,NA,NA
鱈,NA,NA,jun1kyu,NA,NA
箪,NA,NA,jun1kyu,NA,NA
智,NA,NA,jun1kyu,NA,NA
樗,NA,NA,jun1kyu,NA,NA
喋,NA,NA,jun1kyu,NA,NA
脹,NA,NA,jun1kyu,NA,NA
鎚,NA,NA,jun1kyu,NA,NA
柘,NA,NA,jun1kyu,NA,NA
椿,NA,NA,jun1kyu,NA,NA
剃,NA,NA,jun1kyu,NA,NA
碇,NA,NA,jun1kyu,NA,NA
鼎,NA,NA,jun1kyu,NA,NA
甜,NA,NA,jun1kyu,NA,NA
杜,NA,NA,jun1kyu,NA,NA
塘,NA,NA,jun1kyu,NA,NA
淘,NA,NA,jun1kyu,NA,NA
鐙,NA,NA,jun1kyu,NA,NA
禿,NA,NA,jun1kyu,NA,NA
寅,NA,NA,jun1kyu,NA,NA
敦,NA,NA,jun1kyu,NA,NA
凪,NA,NA,jun1kyu,NA,NA
馴,NA,NA,jun1kyu,NA,NA
廿,NA,NA,jun1kyu,NA,NA
葱,NA,NA,jun1kyu,NA,NA
埜,NA,NA,jun1kyu,NA,NA
巴,NA,NA,jun1kyu,NA,NA
盃,NA,NA,jun1kyu,NA,NA
這,NA,NA,jun1kyu,NA,NA
柏,NA,NA,jun1kyu,NA,NA
駁,NA,NA,jun1kyu,NA,NA
幡,NA,NA,jun1kyu,NA,NA
鳩,NA,NA,jun1kyu,NA,NA
叛,NA,NA,jun1kyu,NA,NA
庇,NA,NA,jun1kyu,NA,NA
簸,NA,NA,jun1kyu,NA,NA
稗,NA,NA,jun1kyu,NA,NA
弼,NA,NA,jun1kyu,NA,NA
謬,NA,NA,jun1kyu,NA,NA
錨,NA,NA,jun1kyu,NA,NA
彬,NA,NA,jun1kyu,NA,NA
芙,NA,NA,jun1kyu,NA,NA
葺,NA,NA,jun1kyu,NA,NA
吻,NA,NA,jun1kyu,NA,NA
僻,NA,NA,jun1kyu,NA,NA
娩,NA,NA,jun1kyu,NA,NA
輔,NA,NA,jun1kyu,NA,NA
庖,NA,NA,jun1kyu,NA,NA
蓬,NA,NA,jun1kyu,NA,NA
吠,NA,NA,jun1kyu,NA,NA
幌,NA,NA,jun1kyu,NA,NA
鱒,NA,NA,jun1kyu,NA,NA
麿,NA,NA,jun1kyu,NA,NA
蓑,NA,NA,jun1kyu,NA,NA
椋,NA,NA,jun1kyu,NA,NA
摸,NA,NA,jun1kyu,NA,NA
勿,NA,NA,jun1kyu,NA,NA
匁,NA,NA,jun1kyu,NA,NA
薮,NA,NA,jun1kyu,NA,NA
揖,NA,NA,jun1kyu,NA,NA
邑,NA,NA,jun1kyu,NA,NA
耀,NA,NA,jun1kyu,NA,NA
螺,NA,NA,jun1kyu,NA,NA
裡,NA,NA,jun1kyu,NA,NA
琉,NA,NA,jun1kyu,NA,NA
諒,NA,NA,jun1kyu,NA,NA
鱗,NA,NA,jun1kyu,NA,NA
玲,NA,NA,jun1kyu,NA,NA
簾,NA,NA,jun1kyu,NA,NA
婁,NA,NA,jun1kyu,NA,NA
蝋,NA,NA,jun1kyu,NA,NA
鷲,NA,NA,jun1kyu,NA,NA
藁,NA,NA,jun1kyu,NA,NA
兔,NA,NA,jun1kyu,NA,NA
壺,NA,NA,jun1kyu,NA,NA
廏,NA,NA,jun1kyu,NA,NA
橢,NA,NA,jun1kyu,NA,NA
灌,NA,NA,jun1kyu,NA,NA
龝,NA,NA,jun1kyu,NA,NA
聨,NA,NA,jun1kyu,NA,NA
蘂,NA,NA,jun1kyu,NA,NA
蠅,NA,NA,jun1kyu,NA,NA
賤,NA,NA,jun1kyu,NA,NA
韃,NA,NA,jun1kyu,NA,NA
鴦,NA,NA,jun1kyu,NA,NA
俠,NA,NA,jun1kyu,NA,NA
啞,NA,NA,jun1kyu,NA,NA
帀,NA,NA,jun1kyu,NA,NA
瀆,NA,NA,jun1kyu,NA,NA
繡,NA,NA,jun1kyu,NA,NA
蜎,NA,NA,jun1kyu,NA,NA
醬,NA,NA,jun1kyu,NA,NA
鹼,NA,NA,jun1kyu,NA,NA
姶,NA,NA,jun1kyu,NA,NA
渥,NA,NA,jun1kyu,NA,NA
斡,NA,NA,jun1kyu,NA,NA
綾,NA,NA,jun1kyu,NA,NA
庵,NA,NA,jun1kyu,NA,NA
夷,NA,NA,jun1kyu,NA,NA
磯,NA,NA,jun1kyu,NA,NA
蔭,NA,NA,jun1kyu,NA,NA
鵜,NA,NA,jun1kyu,NA,NA
蔚,NA,NA,jun1kyu,NA,NA
閏,NA,NA,jun1kyu,NA,NA
嬰,NA,NA,jun1kyu,NA,NA
穎,NA,NA,jun1kyu,NA,NA
奄,NA,NA,jun1kyu,NA,NA
薗,NA,NA,jun1kyu,NA,NA
鴬,NA,NA,jun1kyu,NA,NA
伽,NA,NA,jun1kyu,NA,NA
蝦,NA,NA,jun1kyu,NA,NA
峨,NA,NA,jun1kyu,NA,NA
恢,NA,NA,jun1kyu,NA,NA
凱,NA,NA,jun1kyu,NA,NA
馨,NA,NA,jun1kyu,NA,NA
廓,NA,NA,jun1kyu,NA,NA
橿,NA,NA,jun1kyu,NA,NA
叶,NA,NA,jun1kyu,NA,NA
竃,NA,NA,jun1kyu,NA,NA
萱,NA,NA,jun1kyu,NA,NA
柑,NA,NA,jun1kyu,NA,NA
翰,NA,NA,jun1kyu,NA,NA
癌,NA,NA,jun1kyu,NA,NA
毅,NA,NA,jun1kyu,NA,NA
蟻,NA,NA,jun1kyu,NA,NA
桔,NA,NA,jun1kyu,NA,NA
仇,NA,NA,jun1kyu,NA,NA
鋸,NA,NA,jun1kyu,NA,NA
兇,NA,NA,jun1kyu,NA,NA
怯,NA,NA,jun1kyu,NA,NA
粁,NA,NA,jun1kyu,NA,NA
衿,NA,NA,jun1kyu,NA,NA
躯,NA,NA,jun1kyu,NA,NA
釧,NA,NA,jun1kyu,NA,NA
隈,NA,NA,jun1kyu,NA,NA
袈,NA,NA,jun1kyu,NA,NA
桂,NA,NA,jun1kyu,NA,NA
頚,NA,NA,jun1kyu,NA,NA
捲,NA,NA,jun1kyu,NA,NA
諺,NA,NA,jun1kyu,NA,NA
袴,NA,NA,jun1kyu,NA,NA
伍,NA,NA,jun1kyu,NA,NA
醐,NA,NA,jun1kyu,NA,NA
宏,NA,NA,jun1kyu,NA,NA
晃,NA,NA,jun1kyu,NA,NA
肱,NA,NA,jun1kyu,NA,NA
鴻,NA,NA,jun1kyu,NA,NA
麹,NA,NA,jun1kyu,NA,NA
惚,NA,NA,jun1kyu,NA,NA
梱,NA,NA,jun1kyu,NA,NA
瑳,NA,NA,jun1kyu,NA,NA
砦,NA,NA,jun1kyu,NA,NA
鷺,NA,NA,jun1kyu,NA,NA
匙,NA,NA,jun1kyu,NA,NA
錆,NA,NA,jun1kyu,NA,NA
珊,NA,NA,jun1kyu,NA,NA
屍,NA,NA,jun1kyu,NA,NA
痔,NA,NA,jun1kyu,NA,NA
竺,NA,NA,jun1kyu,NA,NA
篠,NA,NA,jun1kyu,NA,NA
縞,NA,NA,jun1kyu,NA,NA
錫,NA,NA,jun1kyu,NA,NA
蒐,NA,NA,jun1kyu,NA,NA
夙,NA,NA,jun1kyu,NA,NA
楯,NA,NA,jun1kyu,NA,NA
薯,NA,NA,jun1kyu,NA,NA
嘗,NA,NA,jun1kyu,NA,NA
捷,NA,NA,jun1kyu,NA,NA
湘,NA,NA,jun1kyu,NA,NA
醤,NA,NA,jun1kyu,NA,NA
擾,NA,NA,jun1kyu,NA,NA
蝕,NA,NA,jun1kyu,NA,NA
塵,NA,NA,jun1kyu,NA,NA
諏,NA,NA,jun1kyu,NA,NA
錘,NA,NA,jun1kyu,NA,NA
椙,NA,NA,jun1kyu,NA,NA
棲,NA,NA,jun1kyu,NA,NA
蝉,NA,NA,jun1kyu,NA,NA
穿,NA,NA,jun1kyu,NA,NA
閃,NA,NA,jun1kyu,NA,NA
疏,NA,NA,jun1kyu,NA,NA
匝,NA,NA,jun1kyu,NA,NA
糟,NA,NA,jun1kyu,NA,NA
其,NA,NA,jun1kyu,NA,NA
楕,NA,NA,jun1kyu,NA,NA
苔,NA,NA,jun1kyu,NA,NA
啄,NA,NA,jun1kyu,NA,NA
凧,NA,NA,jun1kyu,NA,NA
巽,NA,NA,jun1kyu,NA,NA
樽,NA,NA,jun1kyu,NA,NA
耽,NA,NA,jun1kyu,NA,NA
蜘,NA,NA,jun1kyu,NA,NA
瀦,NA,NA,jun1kyu,NA,NA
寵,NA,NA,jun1kyu,NA,NA
蝶,NA,NA,jun1kyu,NA,NA
栂,NA,NA,jun1kyu,NA,NA
辻,NA,NA,jun1kyu,NA,NA
壷,NA,NA,jun1kyu,NA,NA
悌,NA,NA,jun1kyu,NA,NA
禎,NA,NA,jun1kyu,NA,NA
擢,NA,NA,jun1kyu,NA,NA
顛,NA,NA,jun1kyu,NA,NA
菟,NA,NA,jun1kyu,NA,NA
套,NA,NA,jun1kyu,NA,NA
涛,NA,NA,jun1kyu,NA,NA
撞,NA,NA,jun1kyu,NA,NA
橡,NA,NA,jun1kyu,NA,NA
酉,NA,NA,jun1kyu,NA,NA
沌,NA,NA,jun1kyu,NA,NA
薙,NA,NA,jun1kyu,NA,NA
畷,NA,NA,jun1kyu,NA,NA
韮,NA,NA,jun1kyu,NA,NA
撚,NA,NA,jun1kyu,NA,NA
嚢,NA,NA,jun1kyu,NA,NA
播,NA,NA,jun1kyu,NA,NA
牌,NA,NA,jun1kyu,NA,NA
蝿,NA,NA,jun1kyu,NA,NA
箔,NA,NA,jun1kyu,NA,NA
函,NA,NA,jun1kyu,NA,NA
畠,NA,NA,jun1kyu,NA,NA
噺,NA,NA,jun1kyu,NA,NA
挽,NA,NA,jun1kyu,NA,NA
斐,NA,NA,jun1kyu,NA,NA
枇,NA,NA,jun1kyu,NA,NA
疋,NA,NA,jun1kyu,NA,NA
畢,NA,NA,jun1kyu,NA,NA
彪,NA,NA,jun1kyu,NA,NA
鋲,NA,NA,jun1kyu,NA,NA
斌,NA,NA,jun1kyu,NA,NA
撫,NA,NA,jun1kyu,NA,NA
蕗,NA,NA,jun1kyu,NA,NA
扮,NA,NA,jun1kyu,NA,NA
碧,NA,NA,jun1kyu,NA,NA
鞭,NA,NA,jun1kyu,NA,NA
戊,NA,NA,jun1kyu,NA,NA
捧,NA,NA,jun1kyu,NA,NA
鋒,NA,NA,jun1kyu,NA,NA
卜,NA,NA,jun1kyu,NA,NA
哩,NA,NA,jun1kyu,NA,NA
亦,NA,NA,jun1kyu,NA,NA
蔓,NA,NA,jun1kyu,NA,NA
稔,NA,NA,jun1kyu,NA,NA
姪,NA,NA,jun1kyu,NA,NA
孟,NA,NA,jun1kyu,NA,NA
尤,NA,NA,jun1kyu,NA,NA
也,NA,NA,jun1kyu,NA,NA
鑓,NA,NA,jun1kyu,NA,NA
柚,NA,NA,jun1kyu,NA,NA
輿,NA,NA,jun1kyu,NA,NA
蓉,NA,NA,jun1kyu,NA,NA
莱,NA,NA,jun1kyu,NA,NA
葎,NA,NA,jun1kyu,NA,NA
亮,NA,NA,jun1kyu,NA,NA
遼,NA,NA,jun1kyu,NA,NA
麟,NA,NA,jun1kyu,NA,NA
苓,NA,NA,jun1kyu,NA,NA
聯,NA,NA,jun1kyu,NA,NA
牢,NA,NA,jun1kyu,NA,NA
禄,NA,NA,jun1kyu,NA,NA
亙,NA,NA,jun1kyu,NA,NA
蕨,NA,NA,jun1kyu,NA,NA
凰,NA,NA,jun1kyu,NA,NA
峩,NA,NA,jun1kyu,NA,NA
廚,NA,NA,jun1kyu,NA,NA
濤,NA,NA,jun1kyu,NA,NA
潴,NA,NA,jun1kyu,NA,NA
竈,NA,NA,jun1kyu,NA,NA
苒,NA,NA,jun1kyu,NA,NA
蕋,NA,NA,jun1kyu,NA,NA
蠏,NA,NA,jun1kyu,NA,NA
迺,NA,NA,jun1kyu,NA,NA
韭,NA,NA,jun1kyu,NA,NA
鶯,NA,NA,jun1kyu,NA,NA
俱,NA,NA,jun1kyu,NA,NA
噓,NA,NA,jun1kyu,NA,NA
搔,NA,NA,jun1kyu,NA,NA
焰,NA,NA,jun1kyu,NA,NA
繫,NA,NA,jun1kyu,NA,NA
蝱,NA,NA,jun1kyu,NA,NA
醱,NA,NA,jun1kyu,NA,NA
麴,NA,NA,jun1kyu,NA,NA
逢,NA,NA,jun1kyu,NA,NA
旭,NA,NA,jun1kyu,NA,NA
姐,NA,NA,jun1kyu,NA,NA
鮎,NA,NA,jun1kyu,NA,NA
按,NA,NA,jun1kyu,NA,NA
惟,NA,NA,jun1kyu,NA,NA
溢,NA,NA,jun1kyu,NA,NA
吋,NA,NA,jun1kyu,NA,NA
窺,NA,NA,jun1kyu,NA,NA
鰻,NA,NA,jun1kyu,NA,NA
噂,NA,NA,jun1kyu,NA,NA
曳,NA,NA,jun1kyu,NA,NA
頴,NA,NA,jun1kyu,NA,NA
掩,NA,NA,jun1kyu,NA,NA
鴛,NA,NA,jun1kyu,NA,NA
鴎,NA,NA,jun1kyu,NA,NA
嘉,NA,NA,jun1kyu,NA,NA
嘩,NA,NA,jun1kyu,NA,NA
臥,NA,NA,jun1kyu,NA,NA
魁,NA,NA,jun1kyu,NA,NA
咳,NA,NA,jun1kyu,NA,NA
蛙,NA,NA,jun1kyu,NA,NA
撹,NA,NA,jun1kyu,NA,NA
梶,NA,NA,jun1kyu,NA,NA
椛,NA,NA,jun1kyu,NA,NA
蒲,NA,NA,jun1kyu,NA,NA
粥,NA,NA,jun1kyu,NA,NA
桓,NA,NA,jun1kyu,NA,NA
莞,NA,NA,jun1kyu,NA,NA
翫,NA,NA,jun1kyu,NA,NA
稀,NA,NA,jun1kyu,NA,NA
誼,NA,NA,jun1kyu,NA,NA
橘,NA,NA,jun1kyu,NA,NA
汲,NA,NA,jun1kyu,NA,NA
禦,NA,NA,jun1kyu,NA,NA
匡,NA,NA,jun1kyu,NA,NA
蕎,NA,NA,jun1kyu,NA,NA
欣,NA,NA,jun1kyu,NA,NA
倶,NA,NA,jun1kyu,NA,NA
駈,NA,NA,jun1kyu,NA,NA
屑,NA,NA,jun1kyu,NA,NA
粂,NA,NA,jun1kyu,NA,NA
祁,NA,NA,jun1kyu,NA,NA
畦,NA,NA,jun1kyu,NA,NA
戟,NA,NA,jun1kyu,NA,NA
牽,NA,NA,jun1kyu,NA,NA
乎,NA,NA,jun1kyu,NA,NA
胡,NA,NA,jun1kyu,NA,NA
吾,NA,NA,jun1kyu,NA,NA
鯉,NA,NA,jun1kyu,NA,NA
巷,NA,NA,jun1kyu,NA,NA
杭,NA,NA,jun1kyu,NA,NA
腔,NA,NA,jun1kyu,NA,NA
劫,NA,NA,jun1kyu,NA,NA
鵠,NA,NA,jun1kyu,NA,NA
狛,NA,NA,jun1kyu,NA,NA
艮,NA,NA,jun1kyu,NA,NA
裟,NA,NA,jun1kyu,NA,NA
冴,NA,NA,jun1kyu,NA,NA
朔,NA,NA,jun1kyu,NA,NA
薩,NA,NA,jun1kyu,NA,NA
鮫,NA,NA,jun1kyu,NA,NA
纂,NA,NA,jun1kyu,NA,NA
孜,NA,NA,jun1kyu,NA,NA
而,NA,NA,jun1kyu,NA,NA
宍,NA,NA,jun1kyu,NA,NA
偲,NA,NA,jun1kyu,NA,NA
紗,NA,NA,jun1kyu,NA,NA
惹,NA,NA,jun1kyu,NA,NA
輯,NA,NA,jun1kyu,NA,NA
峻,NA,NA,jun1kyu,NA,NA
淳,NA,NA,jun1kyu,NA,NA
藷,NA,NA,jun1kyu,NA,NA
妾,NA,NA,jun1kyu,NA,NA
昌,NA,NA,jun1kyu,NA,NA
菖,NA,NA,jun1kyu,NA,NA
鉦,NA,NA,jun1kyu,NA,NA
杖,NA,NA,jun1kyu,NA,NA
晋,NA,NA,jun1kyu,NA,NA
壬,NA,NA,jun1kyu,NA,NA
厨,NA,NA,jun1kyu,NA,NA
瑞,NA,NA,jun1kyu,NA,NA
菅,NA,NA,jun1kyu,NA,NA
栖,NA,NA,jun1kyu,NA,NA
尖,NA,NA,jun1kyu,NA,NA
箭,NA,NA,jun1kyu,NA,NA
糎,NA,NA,jun1kyu,NA,NA
蘇,NA,NA,jun1kyu,NA,NA
惣,NA,NA,jun1kyu,NA,NA
綜,NA,NA,jun1kyu,NA,NA
揃,NA,NA,jun1kyu,NA,NA
陀,NA,NA,jun1kyu,NA,NA
黛,NA,NA,jun1kyu,NA,NA
托,NA,NA,jun1kyu,NA,NA
蛸,NA,NA,jun1kyu,NA,NA
竪,NA,NA,jun1kyu,NA,NA
坦,NA,NA,jun1kyu,NA,NA
蛋,NA,NA,jun1kyu,NA,NA
馳,NA,NA,jun1kyu,NA,NA
猪,NA,NA,jun1kyu,NA,NA
帖,NA,NA,jun1kyu,NA,NA
諜,NA,NA,jun1kyu,NA,NA
掴,NA,NA,jun1kyu,NA,NA
蔦,NA,NA,jun1kyu,NA,NA
嬬,NA,NA,jun1kyu,NA,NA
挺,NA,NA,jun1kyu,NA,NA
蹄,NA,NA,jun1kyu,NA,NA
鏑,NA,NA,jun1kyu,NA,NA
澱,NA,NA,jun1kyu,NA,NA
鍍,NA,NA,jun1kyu,NA,NA
宕,NA,NA,jun1kyu,NA,NA
祷,NA,NA,jun1kyu,NA,NA
萄,NA,NA,jun1kyu,NA,NA
椴,NA,NA,jun1kyu,NA,NA
瀞,NA,NA,jun1kyu,NA,NA
遁,NA,NA,jun1kyu,NA,NA
灘,NA,NA,jun1kyu,NA,NA
楠,NA,NA,jun1kyu,NA,NA
濡,NA,NA,jun1kyu,NA,NA
乃,NA,NA,jun1kyu,NA,NA
膿,NA,NA,jun1kyu,NA,NA
杷,NA,NA,jun1kyu,NA,NA
楳,NA,NA,jun1kyu,NA,NA
秤,NA,NA,jun1kyu,NA,NA
粕,NA,NA,jun1kyu,NA,NA
硲,NA,NA,jun1kyu,NA,NA
溌,NA,NA,jun1kyu,NA,NA
塙,NA,NA,jun1kyu,NA,NA
磐,NA,NA,jun1kyu,NA,NA
緋,NA,NA,jun1kyu,NA,NA
毘,NA,NA,jun1kyu,NA,NA
髭,NA,NA,jun1kyu,NA,NA
逼,NA,NA,jun1kyu,NA,NA
瓢,NA,NA,jun1kyu,NA,NA
蒜,NA,NA,jun1kyu,NA,NA
瀕,NA,NA,jun1kyu,NA,NA
葡,NA,NA,jun1kyu,NA,NA
淵,NA,NA,jun1kyu,NA,NA
焚,NA,NA,jun1kyu,NA,NA
瞥,NA,NA,jun1kyu,NA,NA
鋪,NA,NA,jun1kyu,NA,NA
菩,NA,NA,jun1kyu,NA,NA
朋,NA,NA,jun1kyu,NA,NA
鳳,NA,NA,jun1kyu,NA,NA
穆,NA,NA,jun1kyu,NA,NA
槙,NA,NA,jun1kyu,NA,NA
俣,NA,NA,jun1kyu,NA,NA
巳,NA,NA,jun1kyu,NA,NA
粍,NA,NA,jun1kyu,NA,NA
牝,NA,NA,jun1kyu,NA,NA
蒙,NA,NA,jun1kyu,NA,NA
籾,NA,NA,jun1kyu,NA,NA
爺,NA,NA,jun1kyu,NA,NA
愈,NA,NA,jun1kyu,NA,NA
涌,NA,NA,jun1kyu,NA,NA
傭,NA,NA,jun1kyu,NA,NA
遥,NA,NA,jun1kyu,NA,NA
洛,NA,NA,jun1kyu,NA,NA
掠,NA,NA,jun1kyu,NA,NA
凌,NA,NA,jun1kyu,NA,NA
淋,NA,NA,jun1kyu,NA,NA
伶,NA,NA,jun1kyu,NA,NA
憐,NA,NA,jun1kyu,NA,NA
蓮,NA,NA,jun1kyu,NA,NA
狼,NA,NA,jun1kyu,NA,NA
肋,NA,NA,jun1kyu,NA,NA
亘,NA,NA,jun1kyu,NA,NA
椀,NA,NA,jun1kyu,NA,NA
凾,NA,NA,jun1kyu,NA,NA
崕,NA,NA,jun1kyu,NA,NA
攪,NA,NA,jun1kyu,NA,NA
渕,NA,NA,jun1kyu,NA,NA
皋,NA,NA,jun1kyu,NA,NA
篦,NA,NA,jun1kyu,NA,NA
莵,NA,NA,jun1kyu,NA,NA
藪,NA,NA,jun1kyu,NA,NA
諫,NA,NA,jun1kyu,NA,NA
鉤,NA,NA,jun1kyu,NA,NA
頸,NA,NA,jun1kyu,NA,NA
鸚,NA,NA,jun1kyu,NA,NA
偓,NA,NA,jun1kyu,NA,NA
嚙,NA,NA,jun1kyu,NA,NA
摑,NA,NA,jun1kyu,NA,NA
盌,NA,NA,jun1kyu,NA,NA
荆,NA,NA,jun1kyu,NA,NA
蟬,NA,NA,jun1kyu,NA,NA
顚,NA,NA,jun1kyu,NA,NA
㵎,NA,NA,jun1kyu,NA,NA